No.,Time,Delta,Source,Destination,Protocol,Length,Data Length,Source Port,Destination Port,Data,Info
100251,3485.74,0,::208:8:8:8,::201:1:1:1,UDP,51,"6,2",8765,5678,�\234\223,8765  >  5678 Len=2
100253,3485.84,0.1,::208:8:8:8,::201:1:1:1,UDP,60,"6,2",8765,5678,�\234\223,8765  >  5678 Len=2
100255,3485.85,0.01,::208:8:8:8,::201:1:1:1,UDP,60,"6,2",8765,5678,�\234\223,8765  >  5678 Len=2
100257,3485.9,0.05,::208:8:8:8,::201:1:1:1,UDP,60,"6,2",8765,5678,�\234\223,8765  >  5678 Len=2
100259,3486.07,0.17,::208:8:8:8,::201:1:1:1,UDP,60,"6,2",8765,5678,�\234\223,8765  >  5678 Len=2
100263,3486.17,0.1,::208:8:8:8,::201:1:1:1,UDP,60,"6,2",8765,5678,�\234\223,8765  >  5678 Len=2
100265,3486.29,0.12,::208:8:8:8,::201:1:1:1,UDP,60,"6,2",8765,5678,�\234\223,8765  >  5678 Len=2
100267,3486.45,0.16,::208:8:8:8,::201:1:1:1,UDP,52,"6,2",8765,5678,�\234\223,8765  >  5678 Len=2
100269,3486.95,0.5,::201:1:1:1,::208:8:8:8,UDP,115,"6,66",5678,8765,�\234\223,5678  >  8765 Len=66
100271,3486.97,0.02,::201:1:1:1,::208:8:8:8,UDP,124,"6,66",5678,8765,�\234\223,5678  >  8765 Len=66
100273,3487.08,0.11,::201:1:1:1,::208:8:8:8,UDP,124,"6,66",5678,8765,�\234\223,5678  >  8765 Len=66
100275,3487.11,0.03,::201:1:1:1,::208:8:8:8,UDP,124,"6,66",5678,8765,�\234\223,5678  >  8765 Len=66
100277,3487.12,0.01,::201:1:1:1,::208:8:8:8,UDP,115,"6,66",5678,8765,�\234\223,5678  >  8765 Len=66
100279,3487.14,0.02,::201:1:1:1,::208:8:8:8,UDP,124,"6,66",5678,8765,�\234\223,5678  >  8765 Len=66
100281,3487.25,0.11,::201:1:1:1,::208:8:8:8,UDP,124,"6,66",5678,8765,�\234\223,5678  >  8765 Len=66
100282,3487.25,0,::201:1:1:1,::208:8:8:8,UDP,124,"6,66",5678,8765,�\234\223,5678  >  8765 Len=66
100284,3487.41,0.16,::201:1:1:1,::208:8:8:8,UDP,124,"6,66",5678,8765,�\234\223,5678  >  8765 Len=66
100286,3487.42,0.01,::201:1:1:1,::208:8:8:8,UDP,124,"6,66",5678,8765,�\234\223,5678  >  8765 Len=66
100288,3487.45,0.03,::201:1:1:1,::208:8:8:8,UDP,124,"6,66",5678,8765,�\234\223,5678  >  8765 Len=66
100290,3487.53,0.08,::201:1:1:1,::208:8:8:8,UDP,124,"6,66",5678,8765,�\234\223,5678  >  8765 Len=66
100292,3487.58,0.05,::201:1:1:1,::208:8:8:8,UDP,116,"6,66",5678,8765,�\234\223,5678  >  8765 Len=66
100294,3487.59,0.01,::201:1:1:1,::208:8:8:8,UDP,124,"6,66",5678,8765,�\234\223,5678  >  8765 Len=66
100302,3487.75,0.16,::201:1:1:1,::208:8:8:8,UDP,124,"6,66",5678,8765,�\234\223,5678  >  8765 Len=66
100307,3487.87,0.12,::201:1:1:1,::208:8:8:8,UDP,124,"6,66",5678,8765,�\234\223,5678  >  8765 Len=66
100310,3487.92,0.05,::201:1:1:1,::208:8:8:8,UDP,116,"6,66",5678,8765,�\234\223,5678  >  8765 Len=66
100334,3489.42,1.5,::205:5:5:5,::201:1:1:1,UDP,50,"6,1",8765,5678,�\234\223,8765  >  5678 Len=1
100336,3489.51,0.09,::205:5:5:5,::201:1:1:1,UDP,59,"6,1",8765,5678,�\234\223,8765  >  5678 Len=1
100338,3489.57,0.06,::205:5:5:5,::201:1:1:1,UDP,59,"6,1",8765,5678,�\234\223,8765  >  5678 Len=1
100340,3489.71,0.14,::205:5:5:5,::201:1:1:1,UDP,51,"6,1",8765,5678,�\234\223,8765  >  5678 Len=1
100342,3489.94,0.23,::201:1:1:1,::205:5:5:5,UDP,115,"6,66",5678,8765,�\234\223,5678  >  8765 Len=66
100344,3489.95,0.01,::201:1:1:1,::205:5:5:5,UDP,124,"6,66",5678,8765,�\234\223,5678  >  8765 Len=66
100346,3490.03,0.08,::201:1:1:1,::205:5:5:5,UDP,124,"6,66",5678,8765,�\234\223,5678  >  8765 Len=66
100348,3490.14,0.11,::201:1:1:1,::205:5:5:5,UDP,116,"6,66",5678,8765,�\234\223,5678  >  8765 Len=66
100350,3490.25,0.11,::238:38:38:38,::201:1:1:1,UDP,51,"6,2",8765,5678,�\234\223,8765  >  5678 Len=2
100352,3490.3,0.05,::238:38:38:38,::201:1:1:1,UDP,60,"6,2",8765,5678,�\234\223,8765  >  5678 Len=2
100354,3490.41,0.11,::238:38:38:38,::201:1:1:1,UDP,60,"6,2",8765,5678,�\234\223,8765  >  5678 Len=2
100356,3490.42,0.01,::238:38:38:38,::201:1:1:1,UDP,60,"6,2",8765,5678,�\234\223,8765  >  5678 Len=2
100358,3490.43,0.01,::238:38:38:38,::201:1:1:1,UDP,60,"6,2",8765,5678,�\234\223,8765  >  5678 Len=2
100360,3490.47,0.04,::238:38:38:38,::201:1:1:1,UDP,52,"6,2",8765,5678,�\234\223,8765  >  5678 Len=2
100366,3491,0.53,::201:1:1:1,::238:38:38:38,UDP,115,"6,66",5678,8765,�\234\223,5678  >  8765 Len=66
100368,3491.12,0.12,::201:1:1:1,::238:38:38:38,UDP,124,"6,66",5678,8765,�\234\223,5678  >  8765 Len=66
100371,3491.17,0.05,::201:1:1:1,::238:38:38:38,UDP,115,"6,66",5678,8765,�\234\223,5678  >  8765 Len=66
100374,3491.27,0.1,::201:1:1:1,::238:38:38:38,UDP,124,"6,66",5678,8765,�\234\223,5678  >  8765 Len=66
100376,3491.29,0.02,::201:1:1:1,::238:38:38:38,UDP,124,"6,66",5678,8765,�\234\223,5678  >  8765 Len=66
100378,3491.35,0.06,::201:1:1:1,::238:38:38:38,UDP,124,"6,66",5678,8765,�\234\223,5678  >  8765 Len=66
100380,3491.44,0.09,::201:1:1:1,::238:38:38:38,UDP,124,"6,66",5678,8765,�\234\223,5678  >  8765 Len=66
100382,3491.5,0.06,::201:1:1:1,::238:38:38:38,UDP,124,"6,66",5678,8765,�\234\223,5678  >  8765 Len=66
100384,3491.52,0.02,::201:1:1:1,::238:38:38:38,UDP,124,"6,66",5678,8765,�\234\223,5678  >  8765 Len=66
100389,3491.63,0.11,::201:1:1:1,::238:38:38:38,UDP,116,"6,66",5678,8765,�\234\223,5678  >  8765 Len=66
100393,3491.67,0.04,::201:1:1:1,::238:38:38:38,UDP,124,"6,66",5678,8765,�\234\223,5678  >  8765 Len=66
100400,3491.8,0.13,::201:1:1:1,::238:38:38:38,UDP,116,"6,66",5678,8765,�\234\223,5678  >  8765 Len=66
100402,3491.81,0.01,::22d:2d:2d:2d,::201:1:1:1,UDP,51,"6,2",8765,5678,�\234\223,8765  >  5678 Len=2
100409,3491.89,0.08,::22d:2d:2d:2d,::201:1:1:1,UDP,52,"6,2",8765,5678,�\234\223,8765  >  5678 Len=2
100414,3492.05,0.16,::201:1:1:1,::22d:2d:2d:2d,UDP,115,"6,66",5678,8765,�\234\223,5678  >  8765 Len=66
100417,3492.11,0.06,::201:1:1:1,::22d:2d:2d:2d,UDP,116,"6,66",5678,8765,�\234\223,5678  >  8765 Len=66
100420,3492.22,0.11,::201:1:1:1,::22d:2d:2d:2d,UDP,115,"6,66",5678,8765,�\234\223,5678  >  8765 Len=66
100422,3492.28,0.06,::201:1:1:1,::22d:2d:2d:2d,UDP,116,"6,66",5678,8765,�\234\223,5678  >  8765 Len=66
100428,3493.81,1.53,::21e:1e:1e:1e,::201:1:1:1,UDP,51,"6,2",8765,5678,�\234\223,8765  >  5678 Len=2
100430,3493.82,0.01,::21e:1e:1e:1e,::201:1:1:1,UDP,60,"6,2",8765,5678,�\234\223,8765  >  5678 Len=2
100432,3493.94,0.12,::21e:1e:1e:1e,::201:1:1:1,UDP,60,"6,2",8765,5678,�\234\223,8765  >  5678 Len=2
100436,3494.1,0.16,::21e:1e:1e:1e,::201:1:1:1,UDP,52,"6,2",8765,5678,�\234\223,8765  >  5678 Len=2
100440,3494.43,0.33,::201:1:1:1,::21e:1e:1e:1e,UDP,115,"6,66",5678,8765,�\234\223,5678  >  8765 Len=66
100442,3494.45,0.02,::201:1:1:1,::21e:1e:1e:1e,UDP,124,"6,66",5678,8765,�\234\223,5678  >  8765 Len=66
100444,3494.56,0.11,::201:1:1:1,::21e:1e:1e:1e,UDP,124,"6,66",5678,8765,�\234\223,5678  >  8765 Len=66
100446,3494.6,0.04,::201:1:1:1,::21e:1e:1e:1e,UDP,115,"6,66",5678,8765,�\234\223,5678  >  8765 Len=66
100448,3494.62,0.02,::201:1:1:1,::21e:1e:1e:1e,UDP,124,"6,66",5678,8765,�\234\223,5678  >  8765 Len=66
100450,3494.72,0.1,::201:1:1:1,::21e:1e:1e:1e,UDP,116,"6,66",5678,8765,�\234\223,5678  >  8765 Len=66
100452,3494.73,0.01,::201:1:1:1,::21e:1e:1e:1e,UDP,124,"6,66",5678,8765,�\234\223,5678  >  8765 Len=66
100454,3494.83,0.1,::237:37:37:37,::201:1:1:1,UDP,51,"6,2",8765,5678,�\234\223,8765  >  5678 Len=2
100458,3494.89,0.06,::237:37:37:37,::201:1:1:1,UDP,60,"6,2",8765,5678,�\234\223,8765  >  5678 Len=2
100459,3494.89,0,::201:1:1:1,::21e:1e:1e:1e,UDP,116,"6,66",5678,8765,�\234\223,5678  >  8765 Len=66
100460,3495.06,0.17,::237:37:37:37,::201:1:1:1,UDP,60,"6,2",8765,5678,�\234\223,8765  >  5678 Len=2
100461,3495.06,0,::201:1:1:1,::21e:1e:1e:1e,UDP,116,"6,66",5678,8765,�\234\223,5678  >  8765 Len=66
100464,3495.23,0.17,::237:37:37:37,::201:1:1:1,UDP,60,"6,2",8765,5678,�\234\223,8765  >  5678 Len=2
100465,3495.23,0,::201:1:1:1,::21e:1e:1e:1e,UDP,116,"6,66",5678,8765,�\234\223,5678  >  8765 Len=66
100469,3495.57,0.34,::237:37:37:37,::201:1:1:1,UDP,60,"6,2",8765,5678,�\234\223,8765  >  5678 Len=2
100475,3495.68,0.11,::237:37:37:37,::201:1:1:1,UDP,60,"6,2",8765,5678,�\234\223,8765  >  5678 Len=2
100477,3495.69,0.01,::237:37:37:37,::201:1:1:1,UDP,60,"6,2",8765,5678,�\234\223,8765  >  5678 Len=2
100479,3495.7,0.01,::237:37:37:37,::201:1:1:1,UDP,60,"6,2",8765,5678,�\234\223,8765  >  5678 Len=2
100481,3495.74,0.04,::237:37:37:37,::201:1:1:1,UDP,52,"6,2",8765,5678,�\234\223,8765  >  5678 Len=2
100483,3495.74,0,::201:1:1:1,::21e:1e:1e:1e,UDP,116,"6,66",5678,8765,�\234\223,5678  >  8765 Len=66
100495,3495.96,0.22,::204:4:4:4,::201:1:1:1,UDP,51,"6,2",8765,5678,�\234\223,8765  >  5678 Len=2
100499,3496.08,0.12,::204:4:4:4,::201:1:1:1,UDP,60,"6,2",8765,5678,�\234\223,8765  >  5678 Len=2
100501,3496.1,0.02,::201:1:1:1,::237:37:37:37,UDP,115,"6,66",5678,8765,�\234\223,5678  >  8765 Len=66
100505,3496.22,0.12,::201:1:1:1,::237:37:37:37,UDP,124,"6,66",5678,8765,�\234\223,5678  >  8765 Len=66
100507,3496.24,0.02,::204:4:4:4,::201:1:1:1,UDP,60,"6,2",8765,5678,�\234\223,8765  >  5678 Len=2
100509,3496.27,0.03,::201:1:1:1,::237:37:37:37,UDP,115,"6,66",5678,8765,�\234\223,5678  >  8765 Len=66
100511,3496.37,0.1,::204:4:4:4,::201:1:1:1,UDP,60,"6,2",8765,5678,�\234\223,8765  >  5678 Len=2
100512,3496.37,0,::201:1:1:1,::237:37:37:37,UDP,124,"6,66",5678,8765,�\234\223,5678  >  8765 Len=66
100513,3496.39,0.02,::201:1:1:1,::237:37:37:37,UDP,124,"6,66",5678,8765,�\234\223,5678  >  8765 Len=66
100515,3496.54,0.15,::204:4:4:4,::201:1:1:1,UDP,60,"6,2",8765,5678,�\234\223,8765  >  5678 Len=2
100516,3496.54,0,::201:1:1:1,::237:37:37:37,UDP,124,"6,66",5678,8765,�\234\223,5678  >  8765 Len=66
100517,3496.71,0.17,::204:4:4:4,::201:1:1:1,UDP,60,"6,2",8765,5678,�\234\223,8765  >  5678 Len=2
100518,3496.71,0,::201:1:1:1,::237:37:37:37,UDP,124,"6,66",5678,8765,�\234\223,5678  >  8765 Len=66
100519,3496.88,0.17,::204:4:4:4,::201:1:1:1,UDP,60,"6,2",8765,5678,�\234\223,8765  >  5678 Len=2
100520,3496.88,0,::201:1:1:1,::237:37:37:37,UDP,124,"6,66",5678,8765,�\234\223,5678  >  8765 Len=66
100521,3497.05,0.17,::204:4:4:4,::201:1:1:1,UDP,60,"6,2",8765,5678,�\234\223,8765  >  5678 Len=2
100523,3497.17,0.12,::204:4:4:4,::201:1:1:1,UDP,60,"6,2",8765,5678,�\234\223,8765  >  5678 Len=2
100525,3497.22,0.05,::201:1:1:1,::237:37:37:37,UDP,124,"6,66",5678,8765,�\234\223,5678  >  8765 Len=66
100527,3497.3,0.08,::201:1:1:1,::237:37:37:37,UDP,124,"6,66",5678,8765,�\234\223,5678  >  8765 Len=66
100529,3497.33,0.03,::204:4:4:4,::201:1:1:1,UDP,52,"6,2",8765,5678,�\234\223,8765  >  5678 Len=2
100531,3497.39,0.06,::201:1:1:1,::237:37:37:37,UDP,124,"6,66",5678,8765,�\234\223,5678  >  8765 Len=66
100533,3497.45,0.06,::201:1:1:1,::237:37:37:37,UDP,124,"6,66",5678,8765,�\234\223,5678  >  8765 Len=66
100535,3497.47,0.02,::201:1:1:1,::237:37:37:37,UDP,124,"6,66",5678,8765,�\234\223,5678  >  8765 Len=66
100537,3497.49,0.02,::201:1:1:1,::204:4:4:4,UDP,115,"6,66",5678,8765,�\234\223,5678  >  8765 Len=66
100538,3497.49,0,::201:1:1:1,::237:37:37:37,UDP,116,"6,66",5678,8765,�\234\223,5678  >  8765 Len=66
100541,3497.51,0.02,::201:1:1:1,::204:4:4:4,UDP,124,"6,66",5678,8765,�\234\223,5678  >  8765 Len=66
100543,3497.62,0.11,::201:1:1:1,::204:4:4:4,UDP,124,"6,66",5678,8765,�\234\223,5678  >  8765 Len=66
100544,3497.62,0,::201:1:1:1,::237:37:37:37,UDP,124,"6,66",5678,8765,�\234\223,5678  >  8765 Len=66
100546,3497.66,0.04,::201:1:1:1,::204:4:4:4,UDP,115,"6,66",5678,8765,�\234\223,5678  >  8765 Len=66
100547,3497.66,0,::201:1:1:1,::237:37:37:37,UDP,116,"6,66",5678,8765,�\234\223,5678  >  8765 Len=66
100550,3497.68,0.02,::201:1:1:1,::204:4:4:4,UDP,124,"6,66",5678,8765,�\234\223,5678  >  8765 Len=66
100552,3497.79,0.11,::201:1:1:1,::204:4:4:4,UDP,124,"6,66",5678,8765,�\234\223,5678  >  8765 Len=66
100554,3497.89,0.1,::201:1:1:1,::204:4:4:4,UDP,124,"6,66",5678,8765,�\234\223,5678  >  8765 Len=66
100556,3497.96,0.07,::201:1:1:1,::204:4:4:4,UDP,124,"6,66",5678,8765,�\234\223,5678  >  8765 Len=66
100558,3497.97,0.01,::201:1:1:1,::204:4:4:4,UDP,124,"6,66",5678,8765,�\234\223,5678  >  8765 Len=66
100560,3498.05,0.08,::201:1:1:1,::204:4:4:4,UDP,116,"6,66",5678,8765,�\234\223,5678  >  8765 Len=66
100562,3498.06,0.01,::201:1:1:1,::204:4:4:4,UDP,124,"6,66",5678,8765,�\234\223,5678  >  8765 Len=66
100564,3498.14,0.08,::201:1:1:1,::204:4:4:4,UDP,124,"6,66",5678,8765,�\234\223,5678  >  8765 Len=66
100566,3498.22,0.08,::201:1:1:1,::204:4:4:4,UDP,116,"6,66",5678,8765,�\234\223,5678  >  8765 Len=66
100581,3499.8,1.58,::223:23:23:23,::201:1:1:1,UDP,51,"6,2",8765,5678,�\234\223,8765  >  5678 Len=2
100583,3499.84,0.04,::223:23:23:23,::201:1:1:1,UDP,60,"6,2",8765,5678,�\234\223,8765  >  5678 Len=2
100585,3499.87,0.03,::223:23:23:23,::201:1:1:1,UDP,60,"6,2",8765,5678,�\234\223,8765  >  5678 Len=2
100594,3499.99,0.12,::223:23:23:23,::201:1:1:1,UDP,60,"6,2",8765,5678,�\234\223,8765  >  5678 Len=2
100603,3500.33,0.34,::223:23:23:23,::201:1:1:1,UDP,60,"6,2",8765,5678,�\234\223,8765  >  5678 Len=2
100605,3500.49,0.16,::223:23:23:23,::201:1:1:1,UDP,60,"6,2",8765,5678,�\234\223,8765  >  5678 Len=2
100607,3500.62,0.13,::223:23:23:23,::201:1:1:1,UDP,60,"6,2",8765,5678,�\234\223,8765  >  5678 Len=2
100609,3500.74,0.12,::223:23:23:23,::201:1:1:1,UDP,60,"6,2",8765,5678,�\234\223,8765  >  5678 Len=2
100611,3500.9,0.16,::223:23:23:23,::201:1:1:1,UDP,52,"6,2",8765,5678,�\234\223,8765  >  5678 Len=2
100613,3501.06,0.16,::201:1:1:1,::223:23:23:23,UDP,115,"6,66",5678,8765,�\234\223,5678  >  8765 Len=66
100615,3501.08,0.02,::201:1:1:1,::223:23:23:23,UDP,124,"6,66",5678,8765,�\234\223,5678  >  8765 Len=66
100617,3501.19,0.11,::201:1:1:1,::223:23:23:23,UDP,124,"6,66",5678,8765,�\234\223,5678  >  8765 Len=66
100619,3501.23,0.04,::201:1:1:1,::223:23:23:23,UDP,115,"6,66",5678,8765,�\234\223,5678  >  8765 Len=66
100621,3501.25,0.02,::201:1:1:1,::223:23:23:23,UDP,124,"6,66",5678,8765,�\234\223,5678  >  8765 Len=66
100623,3501.29,0.04,::201:1:1:1,::223:23:23:23,UDP,124,"6,66",5678,8765,�\234\223,5678  >  8765 Len=66
100625,3501.36,0.07,::201:1:1:1,::223:23:23:23,UDP,124,"6,66",5678,8765,�\234\223,5678  >  8765 Len=66
100627,3501.37,0.01,::201:1:1:1,::223:23:23:23,UDP,124,"6,66",5678,8765,�\234\223,5678  >  8765 Len=66
100629,3501.45,0.08,::201:1:1:1,::223:23:23:23,UDP,124,"6,66",5678,8765,�\234\223,5678  >  8765 Len=66
100631,3501.46,0.01,::201:1:1:1,::223:23:23:23,UDP,124,"6,66",5678,8765,�\234\223,5678  >  8765 Len=66
100633,3501.53,0.07,::201:1:1:1,::223:23:23:23,UDP,124,"6,66",5678,8765,�\234\223,5678  >  8765 Len=66
100635,3501.54,0.01,::201:1:1:1,::223:23:23:23,UDP,124,"6,66",5678,8765,�\234\223,5678  >  8765 Len=66
100637,3501.61,0.07,::201:1:1:1,::223:23:23:23,UDP,116,"6,66",5678,8765,�\234\223,5678  >  8765 Len=66
100639,3501.62,0.01,::201:1:1:1,::223:23:23:23,UDP,124,"6,66",5678,8765,�\234\223,5678  >  8765 Len=66
100641,3501.7,0.08,::201:1:1:1,::223:23:23:23,UDP,124,"6,66",5678,8765,�\234\223,5678  >  8765 Len=66
100643,3501.78,0.08,::201:1:1:1,::223:23:23:23,UDP,116,"6,66",5678,8765,�\234\223,5678  >  8765 Len=66
100656,3503.15,1.37,::20e:e:e:e,::201:1:1:1,UDP,51,"6,2",8765,5678,�\234\223,8765  >  5678 Len=2
100658,3503.16,0.01,::20e:e:e:e,::201:1:1:1,UDP,60,"6,2",8765,5678,�\234\223,8765  >  5678 Len=2
100660,3503.22,0.06,::20e:e:e:e,::201:1:1:1,UDP,60,"6,2",8765,5678,�\234\223,8765  >  5678 Len=2
100662,3503.33,0.11,::20e:e:e:e,::201:1:1:1,UDP,60,"6,2",8765,5678,�\234\223,8765  >  5678 Len=2
100664,3503.34,0.01,::20e:e:e:e,::201:1:1:1,UDP,60,"6,2",8765,5678,�\234\223,8765  >  5678 Len=2
100666,3503.35,0.01,::20e:e:e:e,::201:1:1:1,UDP,60,"6,2",8765,5678,�\234\223,8765  >  5678 Len=2
100668,3503.39,0.04,::21a:1a:1a:1a,::201:1:1:1,UDP,50,"6,1",8765,5678,�\234\223,8765  >  5678 Len=1
100669,3503.39,0,::20e:e:e:e,::201:1:1:1,UDP,52,"6,2",8765,5678,�\234\223,8765  >  5678 Len=2
100674,3503.5,0.11,::21a:1a:1a:1a,::201:1:1:1,UDP,59,"6,1",8765,5678,�\234\223,8765  >  5678 Len=1
100676,3503.51,0.01,::21a:1a:1a:1a,::201:1:1:1,UDP,59,"6,1",8765,5678,�\234\223,8765  >  5678 Len=1
100679,3503.52,0.01,::21a:1a:1a:1a,::201:1:1:1,UDP,59,"6,1",8765,5678,�\234\223,8765  >  5678 Len=1
100681,3503.56,0.04,::21a:1a:1a:1a,::201:1:1:1,UDP,51,"6,1",8765,5678,�\234\223,8765  >  5678 Len=1
100684,3503.58,0.02,::201:1:1:1,::20e:e:e:e,UDP,115,"6,66",5678,8765,�\234\223,5678  >  8765 Len=66
100691,3503.7,0.12,::201:1:1:1,::20e:e:e:e,UDP,124,"6,66",5678,8765,�\234\223,5678  >  8765 Len=66
100693,3503.75,0.05,::201:1:1:1,::20e:e:e:e,UDP,115,"6,66",5678,8765,�\234\223,5678  >  8765 Len=66
100699,3503.85,0.1,::201:1:1:1,::20e:e:e:e,UDP,124,"6,66",5678,8765,�\234\223,5678  >  8765 Len=66
100701,3503.87,0.02,::201:1:1:1,::20e:e:e:e,UDP,124,"6,66",5678,8765,�\234\223,5678  >  8765 Len=66
100703,3503.93,0.06,::201:1:1:1,::20e:e:e:e,UDP,124,"6,66",5678,8765,�\234\223,5678  >  8765 Len=66
100707,3504.02,0.09,::201:1:1:1,::20e:e:e:e,UDP,124,"6,66",5678,8765,�\234\223,5678  >  8765 Len=66
100710,3504.08,0.06,::201:1:1:1,::20e:e:e:e,UDP,124,"6,66",5678,8765,�\234\223,5678  >  8765 Len=66
100713,3504.09,0.01,::201:1:1:1,::21a:1a:1a:1a,UDP,115,"6,66",5678,8765,�\234\223,5678  >  8765 Len=66
100714,3504.1,0.01,::201:1:1:1,::20e:e:e:e,UDP,124,"6,66",5678,8765,�\234\223,5678  >  8765 Len=66
100716,3504.12,0.02,::201:1:1:1,::20e:e:e:e,UDP,124,"6,66",5678,8765,�\234\223,5678  >  8765 Len=66
100718,3504.25,0.13,::201:1:1:1,::20e:e:e:e,UDP,124,"6,66",5678,8765,�\234\223,5678  >  8765 Len=66
100720,3504.26,0.01,::201:1:1:1,::21a:1a:1a:1a,UDP,115,"6,66",5678,8765,�\234\223,5678  >  8765 Len=66
100722,3504.29,0.03,::201:1:1:1,::20e:e:e:e,UDP,116,"6,66",5678,8765,�\234\223,5678  >  8765 Len=66
100723,3504.29,0,::201:1:1:1,::20e:e:e:e,UDP,124,"6,66",5678,8765,�\234\223,5678  >  8765 Len=66
100725,3504.38,0.09,::233:33:33:33,::201:1:1:1,UDP,50,"6,1",8765,5678,�\234\223,8765  >  5678 Len=1
100727,3504.38,0,::201:1:1:1,::21a:1a:1a:1a,UDP,124,"6,66",5678,8765,�\234\223,5678  >  8765 Len=66
100729,3504.43,0.05,::233:33:33:33,::201:1:1:1,UDP,59,"6,1",8765,5678,�\234\223,8765  >  5678 Len=1
100731,3504.46,0.03,::201:1:1:1,::20e:e:e:e,UDP,124,"6,66",5678,8765,�\234\223,5678  >  8765 Len=66
100733,3504.53,0.07,::201:1:1:1,::21a:1a:1a:1a,UDP,124,"6,66",5678,8765,�\234\223,5678  >  8765 Len=66
100735,3504.6,0.07,::233:33:33:33,::201:1:1:1,UDP,59,"6,1",8765,5678,�\234\223,8765  >  5678 Len=1
100737,3504.61,0.01,::201:1:1:1,::21a:1a:1a:1a,UDP,124,"6,66",5678,8765,�\234\223,5678  >  8765 Len=66
100739,3504.63,0.02,::201:1:1:1,::20e:e:e:e,UDP,116,"6,66",5678,8765,�\234\223,5678  >  8765 Len=66
100741,3504.69,0.06,::21c:1c:1c:1c,::201:1:1:1,UDP,50,"6,1",8765,5678,�\234\223,8765  >  5678 Len=1
100743,3504.7,0.01,::233:33:33:33,::201:1:1:1,UDP,59,"6,1",8765,5678,�\234\223,8765  >  5678 Len=1
100744,3504.7,0,::21c:1c:1c:1c,::201:1:1:1,UDP,59,"6,1",8765,5678,�\234\223,8765  >  5678 Len=1
100746,3504.71,0.01,::21c:1c:1c:1c,::201:1:1:1,UDP,59,"6,1",8765,5678,�\234\223,8765  >  5678 Len=1
100748,3504.75,0.04,::21c:1c:1c:1c,::201:1:1:1,UDP,51,"6,1",8765,5678,�\234\223,8765  >  5678 Len=1
100750,3504.76,0.01,::201:1:1:1,::21a:1a:1a:1a,UDP,116,"6,66",5678,8765,�\234\223,5678  >  8765 Len=66
100752,3504.87,0.11,::233:33:33:33,::201:1:1:1,UDP,59,"6,1",8765,5678,�\234\223,8765  >  5678 Len=1
100756,3504.99,0.12,::233:33:33:33,::201:1:1:1,UDP,59,"6,1",8765,5678,�\234\223,8765  >  5678 Len=1
100758,3505.11,0.12,::201:1:1:1,::21c:1c:1c:1c,UDP,115,"6,66",5678,8765,�\234\223,5678  >  8765 Len=66
100760,3505.15,0.04,::233:33:33:33,::201:1:1:1,UDP,51,"6,1",8765,5678,�\234\223,8765  >  5678 Len=1
100762,3505.23,0.08,::201:1:1:1,::21c:1c:1c:1c,UDP,124,"6,66",5678,8765,�\234\223,5678  >  8765 Len=66
100764,3505.38,0.15,::201:1:1:1,::21c:1c:1c:1c,UDP,124,"6,66",5678,8765,�\234\223,5678  >  8765 Len=66
100766,3505.46,0.08,::201:1:1:1,::21c:1c:1c:1c,UDP,116,"6,66",5678,8765,�\234\223,5678  >  8765 Len=66
100769,3505.48,0.02,::201:1:1:1,::233:33:33:33,UDP,115,"6,66",5678,8765,�\234\223,5678  >  8765 Len=66
100772,3505.5,0.02,::201:1:1:1,::233:33:33:33,UDP,124,"6,66",5678,8765,�\234\223,5678  >  8765 Len=66
100774,3505.61,0.11,::201:1:1:1,::233:33:33:33,UDP,124,"6,66",5678,8765,�\234\223,5678  >  8765 Len=66
100776,3505.64,0.03,::201:1:1:1,::233:33:33:33,UDP,124,"6,66",5678,8765,�\234\223,5678  >  8765 Len=66
100778,3505.78,0.14,::201:1:1:1,::233:33:33:33,UDP,124,"6,66",5678,8765,�\234\223,5678  >  8765 Len=66
100780,3505.94,0.16,::201:1:1:1,::233:33:33:33,UDP,116,"6,66",5678,8765,�\234\223,5678  >  8765 Len=66
100782,3506.27,0.33,::209:9:9:9,::201:1:1:1,UDP,50,"6,1",8765,5678,�\234\223,8765  >  5678 Len=1
100784,3506.28,0.01,::209:9:9:9,::201:1:1:1,UDP,59,"6,1",8765,5678,�\234\223,8765  >  5678 Len=1
100786,3506.39,0.11,::209:9:9:9,::201:1:1:1,UDP,59,"6,1",8765,5678,�\234\223,8765  >  5678 Len=1
100788,3506.4,0.01,::209:9:9:9,::201:1:1:1,UDP,59,"6,1",8765,5678,�\234\223,8765  >  5678 Len=1
100790,3506.41,0.01,::209:9:9:9,::201:1:1:1,UDP,59,"6,1",8765,5678,�\234\223,8765  >  5678 Len=1
100792,3506.45,0.04,::209:9:9:9,::201:1:1:1,UDP,51,"6,1",8765,5678,�\234\223,8765  >  5678 Len=1
100794,3506.98,0.53,::201:1:1:1,::209:9:9:9,UDP,115,"6,66",5678,8765,�\234\223,5678  >  8765 Len=66
100796,3507.1,0.12,::201:1:1:1,::209:9:9:9,UDP,124,"6,66",5678,8765,�\234\223,5678  >  8765 Len=66
100798,3507.25,0.15,::201:1:1:1,::209:9:9:9,UDP,124,"6,66",5678,8765,�\234\223,5678  >  8765 Len=66
100800,3507.33,0.08,::201:1:1:1,::209:9:9:9,UDP,124,"6,66",5678,8765,�\234\223,5678  >  8765 Len=66
100803,3507.48,0.15,::201:1:1:1,::209:9:9:9,UDP,124,"6,66",5678,8765,�\234\223,5678  >  8765 Len=66
100809,3507.6,0.12,::227:27:27:27,::201:1:1:1,UDP,50,"6,1",8765,5678,�\234\223,8765  >  5678 Len=1
100812,3507.63,0.03,::201:1:1:1,::209:9:9:9,UDP,116,"6,66",5678,8765,�\234\223,5678  >  8765 Len=66
100819,3507.75,0.12,::227:27:27:27,::201:1:1:1,UDP,59,"6,1",8765,5678,�\234\223,8765  >  5678 Len=1
100821,3507.76,0.01,::227:27:27:27,::201:1:1:1,UDP,59,"6,1",8765,5678,�\234\223,8765  >  5678 Len=1
100824,3507.77,0.01,::227:27:27:27,::201:1:1:1,UDP,59,"6,1",8765,5678,�\234\223,8765  >  5678 Len=1
100828,3507.81,0.04,::227:27:27:27,::201:1:1:1,UDP,51,"6,1",8765,5678,�\234\223,8765  >  5678 Len=1
100831,3508,0.19,::201:1:1:1,::227:27:27:27,UDP,115,"6,66",5678,8765,�\234\223,5678  >  8765 Len=66
100834,3508.12,0.12,::201:1:1:1,::227:27:27:27,UDP,124,"6,66",5678,8765,�\234\223,5678  >  8765 Len=66
100836,3508.27,0.15,::201:1:1:1,::227:27:27:27,UDP,124,"6,66",5678,8765,�\234\223,5678  >  8765 Len=66
100838,3508.35,0.08,::201:1:1:1,::227:27:27:27,UDP,124,"6,66",5678,8765,�\234\223,5678  >  8765 Len=66
100842,3508.48,0.13,::201:1:1:1,::227:27:27:27,UDP,116,"6,66",5678,8765,�\234\223,5678  >  8765 Len=66
100854,3510.49,2.01,::211:11:11:11,::201:1:1:1,UDP,51,"6,2",8765,5678,�\234\223,8765  >  5678 Len=2
100856,3510.64,0.15,::211:11:11:11,::201:1:1:1,UDP,60,"6,2",8765,5678,�\234\223,8765  >  5678 Len=2
100858,3510.7,0.06,::211:11:11:11,::201:1:1:1,UDP,60,"6,2",8765,5678,�\234\223,8765  >  5678 Len=2
100860,3510.81,0.11,::211:11:11:11,::201:1:1:1,UDP,60,"6,2",8765,5678,�\234\223,8765  >  5678 Len=2
100862,3510.82,0.01,::211:11:11:11,::201:1:1:1,UDP,60,"6,2",8765,5678,�\234\223,8765  >  5678 Len=2
100864,3510.83,0.01,::211:11:11:11,::201:1:1:1,UDP,60,"6,2",8765,5678,�\234\223,8765  >  5678 Len=2
100866,3510.87,0.04,::211:11:11:11,::201:1:1:1,UDP,52,"6,2",8765,5678,�\234\223,8765  >  5678 Len=2
100868,3511.06,0.19,::201:1:1:1,::211:11:11:11,UDP,115,"6,66",5678,8765,�\234\223,5678  >  8765 Len=66
100871,3511.18,0.12,::201:1:1:1,::211:11:11:11,UDP,124,"6,66",5678,8765,�\234\223,5678  >  8765 Len=66
100874,3511.23,0.05,::201:1:1:1,::211:11:11:11,UDP,115,"6,66",5678,8765,�\234\223,5678  >  8765 Len=66
100876,3511.33,0.1,::201:1:1:1,::211:11:11:11,UDP,124,"6,66",5678,8765,�\234\223,5678  >  8765 Len=66
100878,3511.35,0.02,::201:1:1:1,::211:11:11:11,UDP,124,"6,66",5678,8765,�\234\223,5678  >  8765 Len=66
100880,3511.37,0.02,::216:16:16:16,::201:1:1:1,UDP,51,"6,2",8765,5678,�\234\223,8765  >  5678 Len=2
100884,3511.41,0.04,::201:1:1:1,::211:11:11:11,UDP,124,"6,66",5678,8765,�\234\223,5678  >  8765 Len=66
100888,3511.52,0.11,::216:16:16:16,::201:1:1:1,UDP,60,"6,2",8765,5678,�\234\223,8765  >  5678 Len=2
100892,3511.56,0.04,::201:1:1:1,::211:11:11:11,UDP,124,"6,66",5678,8765,�\234\223,5678  >  8765 Len=66
100894,3511.57,0.01,::216:16:16:16,::201:1:1:1,UDP,60,"6,2",8765,5678,�\234\223,8765  >  5678 Len=2
100896,3511.6,0.03,::201:1:1:1,::211:11:11:11,UDP,124,"6,66",5678,8765,�\234\223,5678  >  8765 Len=66
100901,3511.67,0.07,::201:1:1:1,::211:11:11:11,UDP,124,"6,66",5678,8765,�\234\223,5678  >  8765 Len=66
100904,3511.7,0.03,::201:1:1:1,::211:11:11:11,UDP,116,"6,66",5678,8765,�\234\223,5678  >  8765 Len=66
100906,3511.74,0.04,::216:16:16:16,::201:1:1:1,UDP,60,"6,2",8765,5678,�\234\223,8765  >  5678 Len=2
100908,3511.75,0.01,::201:1:1:1,::211:11:11:11,UDP,124,"6,66",5678,8765,�\234\223,5678  >  8765 Len=66
100912,3511.84,0.09,::216:16:16:16,::201:1:1:1,UDP,60,"6,2",8765,5678,�\234\223,8765  >  5678 Len=2
100920,3511.9,0.06,::201:1:1:1,::211:11:11:11,UDP,124,"6,66",5678,8765,�\234\223,5678  >  8765 Len=66
100924,3511.94,0.04,::201:1:1:1,::211:11:11:11,UDP,124,"6,66",5678,8765,�\234\223,5678  >  8765 Len=66
100927,3511.96,0.02,::216:16:16:16,::201:1:1:1,UDP,60,"6,2",8765,5678,�\234\223,8765  >  5678 Len=2
100932,3512.01,0.05,::221:21:21:21,::201:1:1:1,UDP,51,"6,2",8765,5678,�\234\223,8765  >  5678 Len=2
100935,3512.04,0.03,::201:1:1:1,::211:11:11:11,UDP,116,"6,66",5678,8765,�\234\223,5678  >  8765 Len=66
100939,3512.11,0.07,::221:21:21:21,::201:1:1:1,UDP,60,"6,2",8765,5678,�\234\223,8765  >  5678 Len=2
100941,3512.12,0.01,::216:16:16:16,::201:1:1:1,UDP,52,"6,2",8765,5678,�\234\223,8765  >  5678 Len=2
100943,3512.23,0.11,::221:21:21:21,::201:1:1:1,UDP,60,"6,2",8765,5678,�\234\223,8765  >  5678 Len=2
100945,3512.39,0.16,::221:21:21:21,::201:1:1:1,UDP,60,"6,2",8765,5678,�\234\223,8765  >  5678 Len=2
100947,3512.45,0.06,::201:1:1:1,::216:16:16:16,UDP,115,"6,66",5678,8765,�\234\223,5678  >  8765 Len=66
100949,3512.47,0.02,::201:1:1:1,::216:16:16:16,UDP,124,"6,66",5678,8765,�\234\223,5678  >  8765 Len=66
100951,3512.52,0.05,::221:21:21:21,::201:1:1:1,UDP,60,"6,2",8765,5678,�\234\223,8765  >  5678 Len=2
100953,3512.58,0.06,::201:1:1:1,::216:16:16:16,UDP,124,"6,66",5678,8765,�\234\223,5678  >  8765 Len=66
100955,3512.61,0.03,::201:1:1:1,::216:16:16:16,UDP,124,"6,66",5678,8765,�\234\223,5678  >  8765 Len=66
100957,3512.62,0.01,::201:1:1:1,::216:16:16:16,UDP,115,"6,66",5678,8765,�\234\223,5678  >  8765 Len=66
100959,3512.64,0.02,::221:21:21:21,::201:1:1:1,UDP,60,"6,2",8765,5678,�\234\223,8765  >  5678 Len=2
100960,3512.64,0,::201:1:1:1,::216:16:16:16,UDP,124,"6,66",5678,8765,�\234\223,5678  >  8765 Len=66
100961,3512.75,0.11,::201:1:1:1,::216:16:16:16,UDP,124,"6,66",5678,8765,�\234\223,5678  >  8765 Len=66
100963,3512.81,0.06,::221:21:21:21,::201:1:1:1,UDP,60,"6,2",8765,5678,�\234\223,8765  >  5678 Len=2
100964,3512.81,0,::201:1:1:1,::216:16:16:16,UDP,124,"6,66",5678,8765,�\234\223,5678  >  8765 Len=66
100965,3512.91,0.1,::201:1:1:1,::216:16:16:16,UDP,124,"6,66",5678,8765,�\234\223,5678  >  8765 Len=66
100967,3512.96,0.05,::201:1:1:1,::216:16:16:16,UDP,116,"6,66",5678,8765,�\234\223,5678  >  8765 Len=66
100969,3512.98,0.02,::201:1:1:1,::216:16:16:16,UDP,124,"6,66",5678,8765,�\234\223,5678  >  8765 Len=66
100973,3513.07,0.09,::234:34:34:34,::201:1:1:1,UDP,50,"6,1",8765,5678,�\234\223,8765  >  5678 Len=1
100975,3513.09,0.02,::201:1:1:1,::216:16:16:16,UDP,124,"6,66",5678,8765,�\234\223,5678  >  8765 Len=66
100977,3513.12,0.03,::201:1:1:1,::216:16:16:16,UDP,124,"6,66",5678,8765,�\234\223,5678  >  8765 Len=66
100979,3513.15,0.03,::221:21:21:21,::201:1:1:1,UDP,60,"6,2",8765,5678,�\234\223,8765  >  5678 Len=2
100981,3513.2,0.05,::234:34:34:34,::201:1:1:1,UDP,59,"6,1",8765,5678,�\234\223,8765  >  5678 Len=1
100984,3513.26,0.06,::201:1:1:1,::216:16:16:16,UDP,124,"6,66",5678,8765,�\234\223,5678  >  8765 Len=66
100986,3513.31,0.05,::221:21:21:21,::201:1:1:1,UDP,52,"6,2",8765,5678,�\234\223,8765  >  5678 Len=2
100988,3513.32,0.01,::234:34:34:34,::201:1:1:1,UDP,59,"6,1",8765,5678,�\234\223,8765  >  5678 Len=1
100990,3513.42,0.1,::201:1:1:1,::216:16:16:16,UDP,124,"6,66",5678,8765,�\234\223,5678  >  8765 Len=66
100992,3513.47,0.05,::201:1:1:1,::221:21:21:21,UDP,115,"6,66",5678,8765,�\234\223,5678  >  8765 Len=66
100993,3513.47,0,::201:1:1:1,::216:16:16:16,UDP,116,"6,66",5678,8765,�\234\223,5678  >  8765 Len=66
100996,3513.48,0.01,::234:34:34:34,::201:1:1:1,UDP,51,"6,1",8765,5678,�\234\223,8765  >  5678 Len=1
100998,3513.49,0.01,::201:1:1:1,::221:21:21:21,UDP,124,"6,66",5678,8765,�\234\223,5678  >  8765 Len=66
101000,3513.6,0.11,::201:1:1:1,::221:21:21:21,UDP,124,"6,66",5678,8765,�\234\223,5678  >  8765 Len=66
101002,3513.64,0.04,::201:1:1:1,::221:21:21:21,UDP,115,"6,66",5678,8765,�\234\223,5678  >  8765 Len=66
101004,3513.66,0.02,::201:1:1:1,::221:21:21:21,UDP,124,"6,66",5678,8765,�\234\223,5678  >  8765 Len=66
101006,3513.7,0.04,::201:1:1:1,::221:21:21:21,UDP,124,"6,66",5678,8765,�\234\223,5678  >  8765 Len=66
101010,3513.77,0.07,::201:1:1:1,::221:21:21:21,UDP,124,"6,66",5678,8765,�\234\223,5678  >  8765 Len=66
101012,3513.78,0.01,::201:1:1:1,::221:21:21:21,UDP,124,"6,66",5678,8765,�\234\223,5678  >  8765 Len=66
101014,3513.86,0.08,::201:1:1:1,::221:21:21:21,UDP,124,"6,66",5678,8765,�\234\223,5678  >  8765 Len=66
101016,3513.87,0.01,::201:1:1:1,::221:21:21:21,UDP,124,"6,66",5678,8765,�\234\223,5678  >  8765 Len=66
101018,3513.95,0.08,::201:1:1:1,::221:21:21:21,UDP,124,"6,66",5678,8765,�\234\223,5678  >  8765 Len=66
101020,3513.98,0.03,::201:1:1:1,::234:34:34:34,UDP,115,"6,66",5678,8765,�\234\223,5678  >  8765 Len=66
101022,3513.99,0.01,::201:1:1:1,::221:21:21:21,UDP,116,"6,66",5678,8765,�\234\223,5678  >  8765 Len=66
101024,3514,0.01,::201:1:1:1,::234:34:34:34,UDP,124,"6,66",5678,8765,�\234\223,5678  >  8765 Len=66
101026,3514.03,0.03,::201:1:1:1,::221:21:21:21,UDP,124,"6,66",5678,8765,�\234\223,5678  >  8765 Len=66
101028,3514.11,0.08,::201:1:1:1,::234:34:34:34,UDP,124,"6,66",5678,8765,�\234\223,5678  >  8765 Len=66
101030,3514.16,0.05,::201:1:1:1,::221:21:21:21,UDP,116,"6,66",5678,8765,�\234\223,5678  >  8765 Len=66
101032,3514.21,0.05,::201:1:1:1,::234:34:34:34,UDP,116,"6,66",5678,8765,�\234\223,5678  >  8765 Len=66
101034,3514.64,0.43,::239:39:39:39,::201:1:1:1,UDP,50,"6,1",8765,5678,�\234\223,8765  >  5678 Len=1
101036,3514.8,0.16,::239:39:39:39,::201:1:1:1,UDP,59,"6,1",8765,5678,�\234\223,8765  >  5678 Len=1
101038,3514.97,0.17,::239:39:39:39,::201:1:1:1,UDP,59,"6,1",8765,5678,�\234\223,8765  >  5678 Len=1
101042,3515.07,0.1,::239:39:39:39,::201:1:1:1,UDP,59,"6,1",8765,5678,�\234\223,8765  >  5678 Len=1
101046,3515.19,0.12,::239:39:39:39,::201:1:1:1,UDP,59,"6,1",8765,5678,�\234\223,8765  >  5678 Len=1
101048,3515.35,0.16,::239:39:39:39,::201:1:1:1,UDP,51,"6,1",8765,5678,�\234\223,8765  >  5678 Len=1
101054,3515.51,0.16,::201:1:1:1,::239:39:39:39,UDP,115,"6,66",5678,8765,�\234\223,5678  >  8765 Len=66
101056,3515.53,0.02,::201:1:1:1,::239:39:39:39,UDP,124,"6,66",5678,8765,�\234\223,5678  >  8765 Len=66
101061,3515.64,0.11,::201:1:1:1,::239:39:39:39,UDP,124,"6,66",5678,8765,�\234\223,5678  >  8765 Len=66
101063,3515.67,0.03,::201:1:1:1,::239:39:39:39,UDP,124,"6,66",5678,8765,�\234\223,5678  >  8765 Len=66
101070,3515.81,0.14,::201:1:1:1,::239:39:39:39,UDP,124,"6,66",5678,8765,�\234\223,5678  >  8765 Len=66
101072,3515.83,0.02,::201:1:1:1,::239:39:39:39,UDP,116,"6,66",5678,8765,�\234\223,5678  >  8765 Len=66
101088,3518.31,2.48,::213:13:13:13,::201:1:1:1,UDP,51,"6,2",8765,5678,�\234\223,8765  >  5678 Len=2
101092,3518.32,0.01,::213:13:13:13,::201:1:1:1,UDP,60,"6,2",8765,5678,�\234\223,8765  >  5678 Len=2
101094,3518.37,0.05,::213:13:13:13,::201:1:1:1,UDP,60,"6,2",8765,5678,�\234\223,8765  >  5678 Len=2
101096,3518.54,0.17,::213:13:13:13,::201:1:1:1,UDP,60,"6,2",8765,5678,�\234\223,8765  >  5678 Len=2
101100,3518.64,0.1,::213:13:13:13,::201:1:1:1,UDP,60,"6,2",8765,5678,�\234\223,8765  >  5678 Len=2
101102,3518.76,0.12,::213:13:13:13,::201:1:1:1,UDP,60,"6,2",8765,5678,�\234\223,8765  >  5678 Len=2
101106,3518.92,0.16,::213:13:13:13,::201:1:1:1,UDP,52,"6,2",8765,5678,�\234\223,8765  >  5678 Len=2
101108,3519.08,0.16,::201:1:1:1,::213:13:13:13,UDP,115,"6,66",5678,8765,�\234\223,5678  >  8765 Len=66
101110,3519.1,0.02,::201:1:1:1,::213:13:13:13,UDP,124,"6,66",5678,8765,�\234\223,5678  >  8765 Len=66
101112,3519.21,0.11,::201:1:1:1,::213:13:13:13,UDP,124,"6,66",5678,8765,�\234\223,5678  >  8765 Len=66
101114,3519.24,0.03,::201:1:1:1,::213:13:13:13,UDP,124,"6,66",5678,8765,�\234\223,5678  >  8765 Len=66
101116,3519.25,0.01,::201:1:1:1,::213:13:13:13,UDP,115,"6,66",5678,8765,�\234\223,5678  >  8765 Len=66
101118,3519.27,0.02,::201:1:1:1,::213:13:13:13,UDP,124,"6,66",5678,8765,�\234\223,5678  >  8765 Len=66
101122,3519.38,0.11,::201:1:1:1,::213:13:13:13,UDP,124,"6,66",5678,8765,�\234\223,5678  >  8765 Len=66
101123,3519.38,0,::201:1:1:1,::213:13:13:13,UDP,124,"6,66",5678,8765,�\234\223,5678  >  8765 Len=66
101129,3519.54,0.16,::201:1:1:1,::213:13:13:13,UDP,124,"6,66",5678,8765,�\234\223,5678  >  8765 Len=66
101132,3519.55,0.01,::201:1:1:1,::213:13:13:13,UDP,124,"6,66",5678,8765,�\234\223,5678  >  8765 Len=66
101135,3519.58,0.03,::201:1:1:1,::213:13:13:13,UDP,124,"6,66",5678,8765,�\234\223,5678  >  8765 Len=66
101139,3519.66,0.08,::201:1:1:1,::213:13:13:13,UDP,116,"6,66",5678,8765,�\234\223,5678  >  8765 Len=66
101146,3519.72,0.06,::201:1:1:1,::213:13:13:13,UDP,124,"6,66",5678,8765,�\234\223,5678  >  8765 Len=66
101150,3519.88,0.16,::21f:1f:1f:1f,::201:1:1:1,UDP,51,"6,2",8765,5678,�\234\223,8765  >  5678 Len=2
101152,3519.88,0,::201:1:1:1,::213:13:13:13,UDP,124,"6,66",5678,8765,�\234\223,5678  >  8765 Len=66
101160,3520,0.12,::201:1:1:1,::213:13:13:13,UDP,116,"6,66",5678,8765,�\234\223,5678  >  8765 Len=66
101162,3520.04,0.04,::21f:1f:1f:1f,::201:1:1:1,UDP,60,"6,2",8765,5678,�\234\223,8765  >  5678 Len=2
101164,3520.17,0.13,::21f:1f:1f:1f,::201:1:1:1,UDP,60,"6,2",8765,5678,�\234\223,8765  >  5678 Len=2
101166,3520.29,0.12,::21f:1f:1f:1f,::201:1:1:1,UDP,60,"6,2",8765,5678,�\234\223,8765  >  5678 Len=2
101168,3520.45,0.16,::21f:1f:1f:1f,::201:1:1:1,UDP,52,"6,2",8765,5678,�\234\223,8765  >  5678 Len=2
101170,3520.61,0.16,::201:1:1:1,::21f:1f:1f:1f,UDP,115,"6,66",5678,8765,�\234\223,5678  >  8765 Len=66
101172,3520.63,0.02,::201:1:1:1,::21f:1f:1f:1f,UDP,124,"6,66",5678,8765,�\234\223,5678  >  8765 Len=66
101174,3520.74,0.11,::201:1:1:1,::21f:1f:1f:1f,UDP,124,"6,66",5678,8765,�\234\223,5678  >  8765 Len=66
101176,3520.78,0.04,::201:1:1:1,::21f:1f:1f:1f,UDP,115,"6,66",5678,8765,�\234\223,5678  >  8765 Len=66
101178,3520.8,0.02,::201:1:1:1,::21f:1f:1f:1f,UDP,124,"6,66",5678,8765,�\234\223,5678  >  8765 Len=66
101180,3520.84,0.04,::201:1:1:1,::21f:1f:1f:1f,UDP,124,"6,66",5678,8765,�\234\223,5678  >  8765 Len=66
101182,3520.91,0.07,::201:1:1:1,::21f:1f:1f:1f,UDP,124,"6,66",5678,8765,�\234\223,5678  >  8765 Len=66
101184,3520.92,0.01,::201:1:1:1,::21f:1f:1f:1f,UDP,116,"6,66",5678,8765,�\234\223,5678  >  8765 Len=66
101186,3521.01,0.09,::201:1:1:1,::21f:1f:1f:1f,UDP,124,"6,66",5678,8765,�\234\223,5678  >  8765 Len=66
101188,3521.09,0.08,::201:1:1:1,::21f:1f:1f:1f,UDP,116,"6,66",5678,8765,�\234\223,5678  >  8765 Len=66
101190,3521.74,0.65,::20b:b:b:b,::201:1:1:1,UDP,51,"6,2",8765,5678,�\234\223,8765  >  5678 Len=2
101192,3521.87,0.13,::20b:b:b:b,::201:1:1:1,UDP,60,"6,2",8765,5678,�\234\223,8765  >  5678 Len=2
101194,3521.92,0.05,::20b:b:b:b,::201:1:1:1,UDP,60,"6,2",8765,5678,�\234\223,8765  >  5678 Len=2
101198,3522.03,0.11,::20b:b:b:b,::201:1:1:1,UDP,60,"6,2",8765,5678,�\234\223,8765  >  5678 Len=2
101200,3522.04,0.01,::20b:b:b:b,::201:1:1:1,UDP,60,"6,2",8765,5678,�\234\223,8765  >  5678 Len=2
101202,3522.05,0.01,::20b:b:b:b,::201:1:1:1,UDP,60,"6,2",8765,5678,�\234\223,8765  >  5678 Len=2
101204,3522.09,0.04,::20b:b:b:b,::201:1:1:1,UDP,52,"6,2",8765,5678,�\234\223,8765  >  5678 Len=2
101212,3522.62,0.53,::201:1:1:1,::20b:b:b:b,UDP,115,"6,66",5678,8765,�\234\223,5678  >  8765 Len=66
101214,3522.74,0.12,::201:1:1:1,::20b:b:b:b,UDP,124,"6,66",5678,8765,�\234\223,5678  >  8765 Len=66
101216,3522.79,0.05,::201:1:1:1,::20b:b:b:b,UDP,115,"6,66",5678,8765,�\234\223,5678  >  8765 Len=66
101218,3522.89,0.1,::201:1:1:1,::20b:b:b:b,UDP,124,"6,66",5678,8765,�\234\223,5678  >  8765 Len=66
101220,3522.91,0.02,::201:1:1:1,::20b:b:b:b,UDP,124,"6,66",5678,8765,�\234\223,5678  >  8765 Len=66
101222,3522.97,0.06,::201:1:1:1,::20b:b:b:b,UDP,124,"6,66",5678,8765,�\234\223,5678  >  8765 Len=66
101224,3523.06,0.09,::201:1:1:1,::20b:b:b:b,UDP,124,"6,66",5678,8765,�\234\223,5678  >  8765 Len=66
101226,3523.12,0.06,::201:1:1:1,::20b:b:b:b,UDP,124,"6,66",5678,8765,�\234\223,5678  >  8765 Len=66
101228,3523.14,0.02,::201:1:1:1,::20b:b:b:b,UDP,124,"6,66",5678,8765,�\234\223,5678  >  8765 Len=66
101230,3523.25,0.11,::201:1:1:1,::20b:b:b:b,UDP,124,"6,66",5678,8765,�\234\223,5678  >  8765 Len=66
101232,3523.29,0.04,::201:1:1:1,::20b:b:b:b,UDP,124,"6,66",5678,8765,�\234\223,5678  >  8765 Len=66
101239,3523.41,0.12,::201:1:1:1,::20b:b:b:b,UDP,116,"6,66",5678,8765,�\234\223,5678  >  8765 Len=66
101241,3523.42,0.01,::201:1:1:1,::20b:b:b:b,UDP,124,"6,66",5678,8765,�\234\223,5678  >  8765 Len=66
101248,3523.58,0.16,::201:1:1:1,::20b:b:b:b,UDP,116,"6,66",5678,8765,�\234\223,5678  >  8765 Len=66
101254,3523.64,0.06,::217:17:17:17,::201:1:1:1,UDP,51,"6,2",8765,5678,�\234\223,8765  >  5678 Len=2
101257,3523.67,0.03,::217:17:17:17,::201:1:1:1,UDP,60,"6,2",8765,5678,�\234\223,8765  >  5678 Len=2
101263,3523.79,0.12,::217:17:17:17,::201:1:1:1,UDP,60,"6,2",8765,5678,�\234\223,8765  >  5678 Len=2
101266,3523.95,0.16,::217:17:17:17,::201:1:1:1,UDP,60,"6,2",8765,5678,�\234\223,8765  >  5678 Len=2
101268,3524.08,0.13,::217:17:17:17,::201:1:1:1,UDP,60,"6,2",8765,5678,�\234\223,8765  >  5678 Len=2
101270,3524.2,0.12,::217:17:17:17,::201:1:1:1,UDP,60,"6,2",8765,5678,�\234\223,8765  >  5678 Len=2
101272,3524.36,0.16,::217:17:17:17,::201:1:1:1,UDP,52,"6,2",8765,5678,�\234\223,8765  >  5678 Len=2
101274,3524.52,0.16,::201:1:1:1,::217:17:17:17,UDP,115,"6,66",5678,8765,�\234\223,5678  >  8765 Len=66
101276,3524.54,0.02,::201:1:1:1,::217:17:17:17,UDP,124,"6,66",5678,8765,�\234\223,5678  >  8765 Len=66
101278,3524.65,0.11,::201:1:1:1,::217:17:17:17,UDP,124,"6,66",5678,8765,�\234\223,5678  >  8765 Len=66
101280,3524.69,0.04,::201:1:1:1,::217:17:17:17,UDP,115,"6,66",5678,8765,�\234\223,5678  >  8765 Len=66
101282,3524.71,0.02,::201:1:1:1,::217:17:17:17,UDP,124,"6,66",5678,8765,�\234\223,5678  >  8765 Len=66
101284,3524.75,0.04,::201:1:1:1,::217:17:17:17,UDP,124,"6,66",5678,8765,�\234\223,5678  >  8765 Len=66
101286,3524.82,0.07,::201:1:1:1,::217:17:17:17,UDP,124,"6,66",5678,8765,�\234\223,5678  >  8765 Len=66
101288,3524.83,0.01,::201:1:1:1,::217:17:17:17,UDP,124,"6,66",5678,8765,�\234\223,5678  >  8765 Len=66
101290,3524.91,0.08,::201:1:1:1,::217:17:17:17,UDP,124,"6,66",5678,8765,�\234\223,5678  >  8765 Len=66
101292,3524.92,0.01,::201:1:1:1,::217:17:17:17,UDP,124,"6,66",5678,8765,�\234\223,5678  >  8765 Len=66
101294,3524.99,0.07,::201:1:1:1,::217:17:17:17,UDP,116,"6,66",5678,8765,�\234\223,5678  >  8765 Len=66
101296,3525,0.01,::201:1:1:1,::217:17:17:17,UDP,124,"6,66",5678,8765,�\234\223,5678  >  8765 Len=66
101298,3525.08,0.08,::201:1:1:1,::217:17:17:17,UDP,124,"6,66",5678,8765,�\234\223,5678  >  8765 Len=66
101300,3525.16,0.08,::201:1:1:1,::217:17:17:17,UDP,116,"6,66",5678,8765,�\234\223,5678  >  8765 Len=66
101308,3527.14,1.98,::23d:3d:3d:3d,::201:1:1:1,UDP,50,"6,1",8765,5678,�\234\223,8765  >  5678 Len=1
101310,3527.23,0.09,::23d:3d:3d:3d,::201:1:1:1,UDP,59,"6,1",8765,5678,�\234\223,8765  >  5678 Len=1
101315,3527.33,0.1,::23d:3d:3d:3d,::201:1:1:1,UDP,59,"6,1",8765,5678,�\234\223,8765  >  5678 Len=1
101320,3527.42,0.09,::23d:3d:3d:3d,::201:1:1:1,UDP,59,"6,1",8765,5678,�\234\223,8765  >  5678 Len=1
101325,3527.48,0.06,::23d:3d:3d:3d,::201:1:1:1,UDP,59,"6,1",8765,5678,�\234\223,8765  >  5678 Len=1
101328,3527.62,0.14,::23d:3d:3d:3d,::201:1:1:1,UDP,51,"6,1",8765,5678,�\234\223,8765  >  5678 Len=1
101341,3528.02,0.4,::201:1:1:1,::23d:3d:3d:3d,UDP,115,"6,66",5678,8765,�\234\223,5678  >  8765 Len=66
101343,3528.03,0.01,::201:1:1:1,::23d:3d:3d:3d,UDP,124,"6,66",5678,8765,�\234\223,5678  >  8765 Len=66
101345,3528.11,0.08,::201:1:1:1,::23d:3d:3d:3d,UDP,124,"6,66",5678,8765,�\234\223,5678  >  8765 Len=66
101347,3528.22,0.11,::201:1:1:1,::23d:3d:3d:3d,UDP,124,"6,66",5678,8765,�\234\223,5678  >  8765 Len=66
101349,3528.28,0.06,::201:1:1:1,::23d:3d:3d:3d,UDP,124,"6,66",5678,8765,�\234\223,5678  >  8765 Len=66
101351,3528.36,0.08,::201:1:1:1,::23d:3d:3d:3d,UDP,116,"6,66",5678,8765,�\234\223,5678  >  8765 Len=66
101357,3528.8,0.44,::236:36:36:36,::201:1:1:1,UDP,51,"6,2",8765,5678,�\234\223,8765  >  5678 Len=2
101359,3528.84,0.04,::236:36:36:36,::201:1:1:1,UDP,60,"6,2",8765,5678,�\234\223,8765  >  5678 Len=2
101361,3528.89,0.05,::236:36:36:36,::201:1:1:1,UDP,60,"6,2",8765,5678,�\234\223,8765  >  5678 Len=2
101363,3529,0.11,::236:36:36:36,::201:1:1:1,UDP,60,"6,2",8765,5678,�\234\223,8765  >  5678 Len=2
101365,3529.01,0.01,::236:36:36:36,::201:1:1:1,UDP,60,"6,2",8765,5678,�\234\223,8765  >  5678 Len=2
101367,3529.02,0.01,::236:36:36:36,::201:1:1:1,UDP,60,"6,2",8765,5678,�\234\223,8765  >  5678 Len=2
101369,3529.06,0.04,::236:36:36:36,::201:1:1:1,UDP,52,"6,2",8765,5678,�\234\223,8765  >  5678 Len=2
101371,3529.59,0.53,::201:1:1:1,::236:36:36:36,UDP,115,"6,66",5678,8765,�\234\223,5678  >  8765 Len=66
101373,3529.71,0.12,::201:1:1:1,::236:36:36:36,UDP,124,"6,66",5678,8765,�\234\223,5678  >  8765 Len=66
101375,3529.76,0.05,::201:1:1:1,::236:36:36:36,UDP,115,"6,66",5678,8765,�\234\223,5678  >  8765 Len=66
101377,3529.86,0.1,::201:1:1:1,::236:36:36:36,UDP,124,"6,66",5678,8765,�\234\223,5678  >  8765 Len=66
101379,3529.88,0.02,::201:1:1:1,::236:36:36:36,UDP,124,"6,66",5678,8765,�\234\223,5678  >  8765 Len=66
101381,3529.94,0.06,::201:1:1:1,::236:36:36:36,UDP,124,"6,66",5678,8765,�\234\223,5678  >  8765 Len=66
101383,3530.03,0.09,::201:1:1:1,::236:36:36:36,UDP,124,"6,66",5678,8765,�\234\223,5678  >  8765 Len=66
101385,3530.09,0.06,::201:1:1:1,::236:36:36:36,UDP,124,"6,66",5678,8765,�\234\223,5678  >  8765 Len=66
101387,3530.11,0.02,::201:1:1:1,::236:36:36:36,UDP,124,"6,66",5678,8765,�\234\223,5678  >  8765 Len=66
101389,3530.22,0.11,::201:1:1:1,::236:36:36:36,UDP,124,"6,66",5678,8765,�\234\223,5678  >  8765 Len=66
101391,3530.26,0.04,::201:1:1:1,::236:36:36:36,UDP,124,"6,66",5678,8765,�\234\223,5678  >  8765 Len=66
101393,3530.34,0.08,::201:1:1:1,::236:36:36:36,UDP,116,"6,66",5678,8765,�\234\223,5678  >  8765 Len=66
101395,3530.39,0.05,::201:1:1:1,::236:36:36:36,UDP,124,"6,66",5678,8765,�\234\223,5678  >  8765 Len=66
101397,3530.51,0.12,::201:1:1:1,::236:36:36:36,UDP,116,"6,66",5678,8765,�\234\223,5678  >  8765 Len=66
101427,3533.11,2.6,::20a:a:a:a,::201:1:1:1,UDP,50,"6,1",8765,5678,�\234\223,8765  >  5678 Len=1
101429,3533.21,0.1,::20a:a:a:a,::201:1:1:1,UDP,59,"6,1",8765,5678,�\234\223,8765  >  5678 Len=1
101431,3533.26,0.05,::22a:2a:2a:2a,::201:1:1:1,UDP,50,"6,1",8765,5678,�\234\223,8765  >  5678 Len=1
101433,3533.37,0.11,::20a:a:a:a,::201:1:1:1,UDP,51,"6,1",8765,5678,�\234\223,8765  >  5678 Len=1
101435,3533.38,0.01,::22a:2a:2a:2a,::201:1:1:1,UDP,59,"6,1",8765,5678,�\234\223,8765  >  5678 Len=1
101439,3533.53,0.15,::201:1:1:1,::20a:a:a:a,UDP,115,"6,66",5678,8765,�\234\223,5678  >  8765 Len=66
101441,3533.54,0.01,::22a:2a:2a:2a,::201:1:1:1,UDP,51,"6,1",8765,5678,�\234\223,8765  >  5678 Len=1
101443,3533.55,0.01,::201:1:1:1,::20a:a:a:a,UDP,124,"6,66",5678,8765,�\234\223,5678  >  8765 Len=66
101445,3533.67,0.12,::201:1:1:1,::20a:a:a:a,UDP,116,"6,66",5678,8765,�\234\223,5678  >  8765 Len=66
101447,3534.04,0.37,::201:1:1:1,::22a:2a:2a:2a,UDP,115,"6,66",5678,8765,�\234\223,5678  >  8765 Len=66
101449,3534.06,0.02,::201:1:1:1,::22a:2a:2a:2a,UDP,124,"6,66",5678,8765,�\234\223,5678  >  8765 Len=66
101451,3534.17,0.11,::201:1:1:1,::22a:2a:2a:2a,UDP,116,"6,66",5678,8765,�\234\223,5678  >  8765 Len=66
101453,3534.61,0.44,::215:15:15:15,::201:1:1:1,UDP,51,"6,2",8765,5678,�\234\223,8765  >  5678 Len=2
101459,3534.67,0.06,::215:15:15:15,::201:1:1:1,UDP,60,"6,2",8765,5678,�\234\223,8765  >  5678 Len=2
101461,3534.78,0.11,::215:15:15:15,::201:1:1:1,UDP,60,"6,2",8765,5678,�\234\223,8765  >  5678 Len=2
101463,3534.79,0.01,::215:15:15:15,::201:1:1:1,UDP,60,"6,2",8765,5678,�\234\223,8765  >  5678 Len=2
101465,3534.8,0.01,::215:15:15:15,::201:1:1:1,UDP,60,"6,2",8765,5678,�\234\223,8765  >  5678 Len=2
101467,3534.84,0.04,::215:15:15:15,::201:1:1:1,UDP,52,"6,2",8765,5678,�\234\223,8765  >  5678 Len=2
101469,3534.9,0.06,::212:12:12:12,::201:1:1:1,UDP,51,"6,2",8765,5678,�\234\223,8765  >  5678 Len=2
101473,3534.96,0.06,::212:12:12:12,::201:1:1:1,UDP,60,"6,2",8765,5678,�\234\223,8765  >  5678 Len=2
101475,3535.01,0.05,::212:12:12:12,::201:1:1:1,UDP,60,"6,2",8765,5678,�\234\223,8765  >  5678 Len=2
101477,3535.03,0.02,::201:1:1:1,::215:15:15:15,UDP,115,"6,66",5678,8765,�\234\223,5678  >  8765 Len=66
101479,3535.08,0.05,::214:14:14:14,::201:1:1:1,UDP,50,"6,1",8765,5678,�\234\223,8765  >  5678 Len=1
101481,3535.12,0.04,::212:12:12:12,::201:1:1:1,UDP,60,"6,2",8765,5678,�\234\223,8765  >  5678 Len=2
101483,3535.13,0.01,::20f:f:f:f,::201:1:1:1,UDP,50,"6,1",8765,5678,�\234\223,8765  >  5678 Len=1
101484,3535.13,0,::212:12:12:12,::201:1:1:1,UDP,60,"6,2",8765,5678,�\234\223,8765  >  5678 Len=2
101485,3535.15,0.02,::201:1:1:1,::215:15:15:15,UDP,124,"6,66",5678,8765,�\234\223,5678  >  8765 Len=66
101487,3535.2,0.05,::201:1:1:1,::215:15:15:15,UDP,115,"6,66",5678,8765,�\234\223,5678  >  8765 Len=66
101491,3535.24,0.04,::214:14:14:14,::201:1:1:1,UDP,51,"6,1",8765,5678,�\234\223,8765  >  5678 Len=1
101497,3535.3,0.06,::20f:f:f:f,::201:1:1:1,UDP,50,"6,1",8765,5678,�\234\223,8765  >  5678 Len=1
101498,3535.3,0,::201:1:1:1,::215:15:15:15,UDP,124,"6,66",5678,8765,�\234\223,5678  >  8765 Len=66
101500,3535.32,0.02,::201:1:1:1,::215:15:15:15,UDP,124,"6,66",5678,8765,�\234\223,5678  >  8765 Len=66
101503,3535.38,0.06,::201:1:1:1,::215:15:15:15,UDP,124,"6,66",5678,8765,�\234\223,5678  >  8765 Len=66
101507,3535.47,0.09,::20f:f:f:f,::201:1:1:1,UDP,50,"6,1",8765,5678,�\234\223,8765  >  5678 Len=1
101508,3535.47,0,::212:12:12:12,::201:1:1:1,UDP,60,"6,2",8765,5678,�\234\223,8765  >  5678 Len=2
101509,3535.47,0,::201:1:1:1,::215:15:15:15,UDP,124,"6,66",5678,8765,�\234\223,5678  >  8765 Len=66
101514,3535.53,0.06,::201:1:1:1,::215:15:15:15,UDP,124,"6,66",5678,8765,�\234\223,5678  >  8765 Len=66
101521,3535.57,0.04,::201:1:1:1,::214:14:14:14,UDP,115,"6,66",5678,8765,�\234\223,5678  >  8765 Len=66
101522,3535.57,0,::201:1:1:1,::215:15:15:15,UDP,116,"6,66",5678,8765,�\234\223,5678  >  8765 Len=66
101525,3535.64,0.07,::201:1:1:1,::215:15:15:15,UDP,124,"6,66",5678,8765,�\234\223,5678  >  8765 Len=66
101528,3535.72,0.08,::201:1:1:1,::215:15:15:15,UDP,124,"6,66",5678,8765,�\234\223,5678  >  8765 Len=66
101530,3535.74,0.02,::201:1:1:1,::214:14:14:14,UDP,115,"6,66",5678,8765,�\234\223,5678  >  8765 Len=66
101532,3535.76,0.02,::201:1:1:1,::214:14:14:14,UDP,116,"6,66",5678,8765,�\234\223,5678  >  8765 Len=66
101534,3535.81,0.05,::20f:f:f:f,::201:1:1:1,UDP,50,"6,1",8765,5678,�\234\223,8765  >  5678 Len=1
101538,3535.87,0.06,::201:1:1:1,::215:15:15:15,UDP,124,"6,66",5678,8765,�\234\223,5678  >  8765 Len=66
101540,3535.91,0.04,::201:1:1:1,::215:15:15:15,UDP,116,"6,66",5678,8765,�\234\223,5678  >  8765 Len=66
101542,3535.95,0.04,::20f:f:f:f,::201:1:1:1,UDP,51,"6,1",8765,5678,�\234\223,8765  >  5678 Len=1
101544,3535.98,0.03,::212:12:12:12,::201:1:1:1,UDP,60,"6,2",8765,5678,�\234\223,8765  >  5678 Len=2
101546,3535.99,0.01,::212:12:12:12,::201:1:1:1,UDP,60,"6,2",8765,5678,�\234\223,8765  >  5678 Len=2
101548,3536.01,0.02,::201:1:1:1,::20f:f:f:f,UDP,115,"6,66",5678,8765,�\234\223,5678  >  8765 Len=66
101550,3536.02,0.01,::201:1:1:1,::20f:f:f:f,UDP,116,"6,66",5678,8765,�\234\223,5678  >  8765 Len=66
101552,3536.03,0.01,::212:12:12:12,::201:1:1:1,UDP,52,"6,2",8765,5678,�\234\223,8765  >  5678 Len=2
101555,3536.56,0.53,::201:1:1:1,::212:12:12:12,UDP,115,"6,66",5678,8765,�\234\223,5678  >  8765 Len=66
101557,3536.68,0.12,::201:1:1:1,::212:12:12:12,UDP,124,"6,66",5678,8765,�\234\223,5678  >  8765 Len=66
101559,3536.73,0.05,::201:1:1:1,::212:12:12:12,UDP,115,"6,66",5678,8765,�\234\223,5678  >  8765 Len=66
101561,3536.83,0.1,::201:1:1:1,::212:12:12:12,UDP,124,"6,66",5678,8765,�\234\223,5678  >  8765 Len=66
101563,3536.85,0.02,::201:1:1:1,::212:12:12:12,UDP,124,"6,66",5678,8765,�\234\223,5678  >  8765 Len=66
101565,3536.91,0.06,::201:1:1:1,::212:12:12:12,UDP,124,"6,66",5678,8765,�\234\223,5678  >  8765 Len=66
101567,3537,0.09,::201:1:1:1,::212:12:12:12,UDP,124,"6,66",5678,8765,�\234\223,5678  >  8765 Len=66
101569,3537.06,0.06,::201:1:1:1,::212:12:12:12,UDP,124,"6,66",5678,8765,�\234\223,5678  >  8765 Len=66
101571,3537.08,0.02,::201:1:1:1,::212:12:12:12,UDP,124,"6,66",5678,8765,�\234\223,5678  >  8765 Len=66
101573,3537.19,0.11,::201:1:1:1,::212:12:12:12,UDP,124,"6,66",5678,8765,�\234\223,5678  >  8765 Len=66
101575,3537.23,0.04,::201:1:1:1,::212:12:12:12,UDP,124,"6,66",5678,8765,�\234\223,5678  >  8765 Len=66
101577,3537.3,0.07,::201:1:1:1,::212:12:12:12,UDP,116,"6,66",5678,8765,�\234\223,5678  >  8765 Len=66
101579,3537.36,0.06,::201:1:1:1,::212:12:12:12,UDP,124,"6,66",5678,8765,�\234\223,5678  >  8765 Len=66
101581,3537.47,0.11,::201:1:1:1,::212:12:12:12,UDP,116,"6,66",5678,8765,�\234\223,5678  >  8765 Len=66
101626,3543.06,5.59,::22f:2f:2f:2f,::201:1:1:1,UDP,50,"6,1",8765,5678,�\234\223,8765  >  5678 Len=1
101628,3543.12,0.06,::22f:2f:2f:2f,::201:1:1:1,UDP,59,"6,1",8765,5678,�\234\223,8765  >  5678 Len=1
101635,3543.26,0.14,::22f:2f:2f:2f,::201:1:1:1,UDP,51,"6,1",8765,5678,�\234\223,8765  >  5678 Len=1
101642,3543.49,0.23,::201:1:1:1,::22f:2f:2f:2f,UDP,115,"6,66",5678,8765,�\234\223,5678  >  8765 Len=66
101644,3543.5,0.01,::201:1:1:1,::22f:2f:2f:2f,UDP,124,"6,66",5678,8765,�\234\223,5678  >  8765 Len=66
101648,3543.58,0.08,::201:1:1:1,::22f:2f:2f:2f,UDP,116,"6,66",5678,8765,�\234\223,5678  >  8765 Len=66
101661,3544.65,1.07,::218:18:18:18,::201:1:1:1,UDP,51,"6,2",8765,5678,�\234\223,8765  >  5678 Len=2
101663,3544.69,0.04,::218:18:18:18,::201:1:1:1,UDP,60,"6,2",8765,5678,�\234\223,8765  >  5678 Len=2
101667,3544.84,0.15,::218:18:18:18,::201:1:1:1,UDP,60,"6,2",8765,5678,�\234\223,8765  >  5678 Len=2
101669,3544.89,0.05,::218:18:18:18,::201:1:1:1,UDP,60,"6,2",8765,5678,�\234\223,8765  >  5678 Len=2
101675,3545.06,0.17,::218:18:18:18,::201:1:1:1,UDP,60,"6,2",8765,5678,�\234\223,8765  >  5678 Len=2
101677,3545.16,0.1,::218:18:18:18,::201:1:1:1,UDP,60,"6,2",8765,5678,�\234\223,8765  >  5678 Len=2
101681,3545.28,0.12,::218:18:18:18,::201:1:1:1,UDP,60,"6,2",8765,5678,�\234\223,8765  >  5678 Len=2
101687,3545.44,0.16,::218:18:18:18,::201:1:1:1,UDP,52,"6,2",8765,5678,�\234\223,8765  >  5678 Len=2
101699,3545.6,0.16,::201:1:1:1,::218:18:18:18,UDP,115,"6,66",5678,8765,�\234\223,5678  >  8765 Len=66
101701,3545.62,0.02,::201:1:1:1,::218:18:18:18,UDP,124,"6,66",5678,8765,�\234\223,5678  >  8765 Len=66
101703,3545.73,0.11,::201:1:1:1,::218:18:18:18,UDP,124,"6,66",5678,8765,�\234\223,5678  >  8765 Len=66
101705,3545.76,0.03,::201:1:1:1,::218:18:18:18,UDP,124,"6,66",5678,8765,�\234\223,5678  >  8765 Len=66
101707,3545.77,0.01,::201:1:1:1,::218:18:18:18,UDP,115,"6,66",5678,8765,�\234\223,5678  >  8765 Len=66
101709,3545.79,0.02,::201:1:1:1,::218:18:18:18,UDP,124,"6,66",5678,8765,�\234\223,5678  >  8765 Len=66
101711,3545.9,0.11,::201:1:1:1,::218:18:18:18,UDP,124,"6,66",5678,8765,�\234\223,5678  >  8765 Len=66
101712,3545.9,0,::201:1:1:1,::218:18:18:18,UDP,124,"6,66",5678,8765,�\234\223,5678  >  8765 Len=66
101714,3546.06,0.16,::201:1:1:1,::218:18:18:18,UDP,124,"6,66",5678,8765,�\234\223,5678  >  8765 Len=66
101716,3546.07,0.01,::201:1:1:1,::218:18:18:18,UDP,124,"6,66",5678,8765,�\234\223,5678  >  8765 Len=66
101718,3546.1,0.03,::201:1:1:1,::218:18:18:18,UDP,124,"6,66",5678,8765,�\234\223,5678  >  8765 Len=66
101720,3546.11,0.01,::201:1:1:1,::218:18:18:18,UDP,124,"6,66",5678,8765,�\234\223,5678  >  8765 Len=66
101722,3546.17,0.06,::201:1:1:1,::218:18:18:18,UDP,116,"6,66",5678,8765,�\234\223,5678  >  8765 Len=66
101724,3546.24,0.07,::201:1:1:1,::218:18:18:18,UDP,124,"6,66",5678,8765,�\234\223,5678  >  8765 Len=66
101726,3546.4,0.16,::201:1:1:1,::218:18:18:18,UDP,124,"6,66",5678,8765,�\234\223,5678  >  8765 Len=66
101728,3546.45,0.05,::201:1:1:1,::218:18:18:18,UDP,124,"6,66",5678,8765,�\234\223,5678  >  8765 Len=66
101730,3546.51,0.06,::201:1:1:1,::218:18:18:18,UDP,116,"6,66",5678,8765,�\234\223,5678  >  8765 Len=66
101732,3546.99,0.48,::23f:3f:3f:3f,::201:1:1:1,UDP,51,"6,2",8765,5678,�\234\223,8765  >  5678 Len=2
101734,3547.02,0.03,::23f:3f:3f:3f,::201:1:1:1,UDP,60,"6,2",8765,5678,�\234\223,8765  >  5678 Len=2
101736,3547.08,0.06,::23f:3f:3f:3f,::201:1:1:1,UDP,60,"6,2",8765,5678,�\234\223,8765  >  5678 Len=2
101738,3547.1,0.02,::228:28:28:28,::201:1:1:1,UDP,50,"6,1",8765,5678,�\234\223,8765  >  5678 Len=1
101741,3547.19,0.09,::23f:3f:3f:3f,::201:1:1:1,UDP,60,"6,2",8765,5678,�\234\223,8765  >  5678 Len=2
101744,3547.2,0.01,::23f:3f:3f:3f,::201:1:1:1,UDP,60,"6,2",8765,5678,�\234\223,8765  >  5678 Len=2
101747,3547.21,0.01,::23f:3f:3f:3f,::201:1:1:1,UDP,60,"6,2",8765,5678,�\234\223,8765  >  5678 Len=2
101750,3547.25,0.04,::23f:3f:3f:3f,::201:1:1:1,UDP,52,"6,2",8765,5678,�\234\223,8765  >  5678 Len=2
101752,3547.27,0.02,::228:28:28:28,::201:1:1:1,UDP,59,"6,1",8765,5678,�\234\223,8765  >  5678 Len=1
101759,3547.37,0.1,::228:28:28:28,::201:1:1:1,UDP,59,"6,1",8765,5678,�\234\223,8765  >  5678 Len=1
101763,3547.49,0.12,::228:28:28:28,::201:1:1:1,UDP,59,"6,1",8765,5678,�\234\223,8765  >  5678 Len=1
101768,3547.61,0.12,::201:1:1:1,::23f:3f:3f:3f,UDP,115,"6,66",5678,8765,�\234\223,5678  >  8765 Len=66
101771,3547.65,0.04,::228:28:28:28,::201:1:1:1,UDP,51,"6,1",8765,5678,�\234\223,8765  >  5678 Len=1
101773,3547.73,0.08,::201:1:1:1,::23f:3f:3f:3f,UDP,124,"6,66",5678,8765,�\234\223,5678  >  8765 Len=66
101776,3547.78,0.05,::201:1:1:1,::23f:3f:3f:3f,UDP,115,"6,66",5678,8765,�\234\223,5678  >  8765 Len=66
101778,3547.88,0.1,::201:1:1:1,::23f:3f:3f:3f,UDP,124,"6,66",5678,8765,�\234\223,5678  >  8765 Len=66
101780,3547.9,0.02,::201:1:1:1,::23f:3f:3f:3f,UDP,124,"6,66",5678,8765,�\234\223,5678  >  8765 Len=66
101782,3547.96,0.06,::201:1:1:1,::23f:3f:3f:3f,UDP,124,"6,66",5678,8765,�\234\223,5678  >  8765 Len=66
101784,3548.05,0.09,::201:1:1:1,::23f:3f:3f:3f,UDP,124,"6,66",5678,8765,�\234\223,5678  >  8765 Len=66
101786,3548.11,0.06,::201:1:1:1,::23f:3f:3f:3f,UDP,124,"6,66",5678,8765,�\234\223,5678  >  8765 Len=66
101788,3548.13,0.02,::201:1:1:1,::23f:3f:3f:3f,UDP,124,"6,66",5678,8765,�\234\223,5678  >  8765 Len=66
101790,3548.15,0.02,::201:1:1:1,::228:28:28:28,UDP,115,"6,66",5678,8765,�\234\223,5678  >  8765 Len=66
101791,3548.15,0,::201:1:1:1,::23f:3f:3f:3f,UDP,124,"6,66",5678,8765,�\234\223,5678  >  8765 Len=66
101794,3548.17,0.02,::201:1:1:1,::228:28:28:28,UDP,124,"6,66",5678,8765,�\234\223,5678  >  8765 Len=66
101796,3548.28,0.11,::201:1:1:1,::228:28:28:28,UDP,124,"6,66",5678,8765,�\234\223,5678  >  8765 Len=66
101797,3548.28,0,::201:1:1:1,::23f:3f:3f:3f,UDP,124,"6,66",5678,8765,�\234\223,5678  >  8765 Len=66
101799,3548.31,0.03,::201:1:1:1,::23f:3f:3f:3f,UDP,116,"6,66",5678,8765,�\234\223,5678  >  8765 Len=66
101801,3548.32,0.01,::201:1:1:1,::23f:3f:3f:3f,UDP,124,"6,66",5678,8765,�\234\223,5678  >  8765 Len=66
101803,3548.45,0.13,::201:1:1:1,::228:28:28:28,UDP,124,"6,66",5678,8765,�\234\223,5678  >  8765 Len=66
101805,3548.48,0.03,::201:1:1:1,::23f:3f:3f:3f,UDP,116,"6,66",5678,8765,�\234\223,5678  >  8765 Len=66
101806,3548.48,0,::201:1:1:1,::228:28:28:28,UDP,124,"6,66",5678,8765,�\234\223,5678  >  8765 Len=66
101809,3548.62,0.14,::201:1:1:1,::228:28:28:28,UDP,116,"6,66",5678,8765,�\234\223,5678  >  8765 Len=66
101821,3551.18,2.56,::21d:1d:1d:1d,::201:1:1:1,UDP,50,"6,1",8765,5678,�\234\223,8765  >  5678 Len=1
101828,3551.33,0.15,::21d:1d:1d:1d,::201:1:1:1,UDP,59,"6,1",8765,5678,�\234\223,8765  >  5678 Len=1
101837,3551.44,0.11,::21d:1d:1d:1d,::201:1:1:1,UDP,59,"6,1",8765,5678,�\234\223,8765  >  5678 Len=1
101840,3551.45,0.01,::21d:1d:1d:1d,::201:1:1:1,UDP,59,"6,1",8765,5678,�\234\223,8765  >  5678 Len=1
101842,3551.46,0.01,::21d:1d:1d:1d,::201:1:1:1,UDP,59,"6,1",8765,5678,�\234\223,8765  >  5678 Len=1
101845,3551.5,0.04,::21d:1d:1d:1d,::201:1:1:1,UDP,51,"6,1",8765,5678,�\234\223,8765  >  5678 Len=1
101855,3552.03,0.53,::201:1:1:1,::21d:1d:1d:1d,UDP,115,"6,66",5678,8765,�\234\223,5678  >  8765 Len=66
101857,3552.15,0.12,::201:1:1:1,::21d:1d:1d:1d,UDP,124,"6,66",5678,8765,�\234\223,5678  >  8765 Len=66
101859,3552.3,0.15,::201:1:1:1,::21d:1d:1d:1d,UDP,124,"6,66",5678,8765,�\234\223,5678  >  8765 Len=66
101861,3552.38,0.08,::201:1:1:1,::21d:1d:1d:1d,UDP,124,"6,66",5678,8765,�\234\223,5678  >  8765 Len=66
101863,3552.53,0.15,::201:1:1:1,::21d:1d:1d:1d,UDP,124,"6,66",5678,8765,�\234\223,5678  >  8765 Len=66
101867,3552.61,0.08,::201:1:1:1,::21d:1d:1d:1d,UDP,116,"6,66",5678,8765,�\234\223,5678  >  8765 Len=66
101876,3554.67,2.06,::230:30:30:30,::201:1:1:1,UDP,50,"6,1",8765,5678,�\234\223,8765  >  5678 Len=1
101878,3554.75,0.08,::230:30:30:30,::201:1:1:1,UDP,59,"6,1",8765,5678,�\234\223,8765  >  5678 Len=1
101880,3554.92,0.17,::230:30:30:30,::201:1:1:1,UDP,59,"6,1",8765,5678,�\234\223,8765  >  5678 Len=1
101882,3555.02,0.1,::230:30:30:30,::201:1:1:1,UDP,59,"6,1",8765,5678,�\234\223,8765  >  5678 Len=1
101886,3555.14,0.12,::230:30:30:30,::201:1:1:1,UDP,59,"6,1",8765,5678,�\234\223,8765  >  5678 Len=1
101894,3555.3,0.16,::230:30:30:30,::201:1:1:1,UDP,51,"6,1",8765,5678,�\234\223,8765  >  5678 Len=1
101908,3555.63,0.33,::201:1:1:1,::230:30:30:30,UDP,115,"6,66",5678,8765,�\234\223,5678  >  8765 Len=66
101911,3555.65,0.02,::201:1:1:1,::230:30:30:30,UDP,124,"6,66",5678,8765,�\234\223,5678  >  8765 Len=66
101913,3555.76,0.11,::201:1:1:1,::230:30:30:30,UDP,124,"6,66",5678,8765,�\234\223,5678  >  8765 Len=66
101915,3555.79,0.03,::201:1:1:1,::230:30:30:30,UDP,124,"6,66",5678,8765,�\234\223,5678  >  8765 Len=66
101917,3555.93,0.14,::201:1:1:1,::230:30:30:30,UDP,124,"6,66",5678,8765,�\234\223,5678  >  8765 Len=66
101919,3555.99,0.06,::201:1:1:1,::230:30:30:30,UDP,116,"6,66",5678,8765,�\234\223,5678  >  8765 Len=66
101941,3560.72,4.73,::232:32:32:32,::201:1:1:1,UDP,50,"6,1",8765,5678,�\234\223,8765  >  5678 Len=1
101943,3560.82,0.1,::232:32:32:32,::201:1:1:1,UDP,59,"6,1",8765,5678,�\234\223,8765  >  5678 Len=1
101947,3560.91,0.09,::232:32:32:32,::201:1:1:1,UDP,59,"6,1",8765,5678,�\234\223,8765  >  5678 Len=1
101949,3560.97,0.06,::232:32:32:32,::201:1:1:1,UDP,59,"6,1",8765,5678,�\234\223,8765  >  5678 Len=1
101951,3561.11,0.14,::232:32:32:32,::201:1:1:1,UDP,51,"6,1",8765,5678,�\234\223,8765  >  5678 Len=1
101953,3561.51,0.4,::201:1:1:1,::232:32:32:32,UDP,115,"6,66",5678,8765,�\234\223,5678  >  8765 Len=66
101955,3561.52,0.01,::201:1:1:1,::232:32:32:32,UDP,124,"6,66",5678,8765,�\234\223,5678  >  8765 Len=66
101957,3561.6,0.08,::201:1:1:1,::232:32:32:32,UDP,124,"6,66",5678,8765,�\234\223,5678  >  8765 Len=66
101959,3561.71,0.11,::201:1:1:1,::232:32:32:32,UDP,124,"6,66",5678,8765,�\234\223,5678  >  8765 Len=66
101961,3561.77,0.06,::201:1:1:1,::232:32:32:32,UDP,116,"6,66",5678,8765,�\234\223,5678  >  8765 Len=66
101997,3566.52,4.75,::224:24:24:24,::201:1:1:1,UDP,50,"6,1",8765,5678,�\234\223,8765  >  5678 Len=1
101999,3566.59,0.07,::224:24:24:24,::201:1:1:1,UDP,59,"6,1",8765,5678,�\234\223,8765  >  5678 Len=1
102001,3566.73,0.14,::224:24:24:24,::201:1:1:1,UDP,59,"6,1",8765,5678,�\234\223,8765  >  5678 Len=1
102003,3566.75,0.02,::224:24:24:24,::201:1:1:1,UDP,59,"6,1",8765,5678,�\234\223,8765  >  5678 Len=1
102007,3566.92,0.17,::224:24:24:24,::201:1:1:1,UDP,59,"6,1",8765,5678,�\234\223,8765  >  5678 Len=1
102010,3567.06,0.14,::224:24:24:24,::201:1:1:1,UDP,51,"6,1",8765,5678,�\234\223,8765  >  5678 Len=1
102034,3567.63,0.57,::201:1:1:1,::224:24:24:24,UDP,115,"6,66",5678,8765,�\234\223,5678  >  8765 Len=66
102036,3567.64,0.01,::201:1:1:1,::224:24:24:24,UDP,124,"6,66",5678,8765,�\234\223,5678  >  8765 Len=66
102038,3567.75,0.11,::201:1:1:1,::224:24:24:24,UDP,124,"6,66",5678,8765,�\234\223,5678  >  8765 Len=66
102042,3567.77,0.02,::201:1:1:1,::224:24:24:24,UDP,124,"6,66",5678,8765,�\234\223,5678  >  8765 Len=66
102044,3567.84,0.07,::201:1:1:1,::224:24:24:24,UDP,124,"6,66",5678,8765,�\234\223,5678  >  8765 Len=66
102046,3567.97,0.13,::201:1:1:1,::224:24:24:24,UDP,116,"6,66",5678,8765,�\234\223,5678  >  8765 Len=66
102051,3568.96,0.99,::240:40:40:40,::201:1:1:1,UDP,50,"6,1",8765,5678,�\234\223,8765  >  5678 Len=1
102057,3569.13,0.17,::240:40:40:40,::201:1:1:1,UDP,59,"6,1",8765,5678,�\234\223,8765  >  5678 Len=1
102059,3569.22,0.09,::240:40:40:40,::201:1:1:1,UDP,59,"6,1",8765,5678,�\234\223,8765  >  5678 Len=1
102061,3569.32,0.1,::240:40:40:40,::201:1:1:1,UDP,59,"6,1",8765,5678,�\234\223,8765  >  5678 Len=1
102063,3569.41,0.09,::240:40:40:40,::201:1:1:1,UDP,59,"6,1",8765,5678,�\234\223,8765  >  5678 Len=1
102065,3569.47,0.06,::240:40:40:40,::201:1:1:1,UDP,59,"6,1",8765,5678,�\234\223,8765  >  5678 Len=1
102067,3569.61,0.14,::240:40:40:40,::201:1:1:1,UDP,51,"6,1",8765,5678,�\234\223,8765  >  5678 Len=1
102069,3570.01,0.4,::201:1:1:1,::240:40:40:40,UDP,115,"6,66",5678,8765,�\234\223,5678  >  8765 Len=66
102071,3570.02,0.01,::201:1:1:1,::240:40:40:40,UDP,124,"6,66",5678,8765,�\234\223,5678  >  8765 Len=66
102075,3570.1,0.08,::201:1:1:1,::240:40:40:40,UDP,124,"6,66",5678,8765,�\234\223,5678  >  8765 Len=66
102077,3570.21,0.11,::201:1:1:1,::240:40:40:40,UDP,124,"6,66",5678,8765,�\234\223,5678  >  8765 Len=66
102079,3570.27,0.06,::201:1:1:1,::240:40:40:40,UDP,124,"6,66",5678,8765,�\234\223,5678  >  8765 Len=66
102081,3570.35,0.08,::201:1:1:1,::240:40:40:40,UDP,124,"6,66",5678,8765,�\234\223,5678  >  8765 Len=66
102083,3570.39,0.04,::201:1:1:1,::240:40:40:40,UDP,116,"6,66",5678,8765,�\234\223,5678  >  8765 Len=66
102107,3572.43,2.04,::226:26:26:26,::201:1:1:1,UDP,50,"6,1",8765,5678,�\234\223,8765  >  5678 Len=1
102109,3572.53,0.1,::226:26:26:26,::201:1:1:1,UDP,59,"6,1",8765,5678,�\234\223,8765  >  5678 Len=1
102111,3572.65,0.12,::226:26:26:26,::201:1:1:1,UDP,59,"6,1",8765,5678,�\234\223,8765  >  5678 Len=1
102113,3572.81,0.16,::226:26:26:26,::201:1:1:1,UDP,51,"6,1",8765,5678,�\234\223,8765  >  5678 Len=1
102115,3573.14,0.33,::201:1:1:1,::226:26:26:26,UDP,115,"6,66",5678,8765,�\234\223,5678  >  8765 Len=66
102117,3573.16,0.02,::201:1:1:1,::226:26:26:26,UDP,124,"6,66",5678,8765,�\234\223,5678  >  8765 Len=66
102119,3573.27,0.11,::201:1:1:1,::226:26:26:26,UDP,124,"6,66",5678,8765,�\234\223,5678  >  8765 Len=66
102123,3573.3,0.03,::201:1:1:1,::226:26:26:26,UDP,116,"6,66",5678,8765,�\234\223,5678  >  8765 Len=66
102215,3585.19,11.89,::23a:3a:3a:3a,::201:1:1:1,UDP,51,"6,2",8765,5678,�\234\223,8765  >  5678 Len=2
102219,3585.27,0.08,::23a:3a:3a:3a,::201:1:1:1,UDP,60,"6,2",8765,5678,�\234\223,8765  >  5678 Len=2
102221,3585.33,0.06,::23a:3a:3a:3a,::201:1:1:1,UDP,60,"6,2",8765,5678,�\234\223,8765  >  5678 Len=2
102223,3585.44,0.11,::23a:3a:3a:3a,::201:1:1:1,UDP,60,"6,2",8765,5678,�\234\223,8765  >  5678 Len=2
102225,3585.45,0.01,::23a:3a:3a:3a,::201:1:1:1,UDP,60,"6,2",8765,5678,�\234\223,8765  >  5678 Len=2
102227,3585.46,0.01,::23a:3a:3a:3a,::201:1:1:1,UDP,60,"6,2",8765,5678,�\234\223,8765  >  5678 Len=2
102229,3585.5,0.04,::23a:3a:3a:3a,::201:1:1:1,UDP,52,"6,2",8765,5678,�\234\223,8765  >  5678 Len=2
102231,3586.03,0.53,::201:1:1:1,::23a:3a:3a:3a,UDP,115,"6,66",5678,8765,�\234\223,5678  >  8765 Len=66
102233,3586.15,0.12,::201:1:1:1,::23a:3a:3a:3a,UDP,124,"6,66",5678,8765,�\234\223,5678  >  8765 Len=66
102237,3586.2,0.05,::201:1:1:1,::23a:3a:3a:3a,UDP,115,"6,66",5678,8765,�\234\223,5678  >  8765 Len=66
102239,3586.3,0.1,::201:1:1:1,::23a:3a:3a:3a,UDP,124,"6,66",5678,8765,�\234\223,5678  >  8765 Len=66
102241,3586.32,0.02,::201:1:1:1,::23a:3a:3a:3a,UDP,124,"6,66",5678,8765,�\234\223,5678  >  8765 Len=66
102243,3586.38,0.06,::201:1:1:1,::23a:3a:3a:3a,UDP,124,"6,66",5678,8765,�\234\223,5678  >  8765 Len=66
102245,3586.47,0.09,::201:1:1:1,::23a:3a:3a:3a,UDP,124,"6,66",5678,8765,�\234\223,5678  >  8765 Len=66
102247,3586.53,0.06,::201:1:1:1,::23a:3a:3a:3a,UDP,124,"6,66",5678,8765,�\234\223,5678  >  8765 Len=66
102249,3586.55,0.02,::201:1:1:1,::23a:3a:3a:3a,UDP,124,"6,66",5678,8765,�\234\223,5678  >  8765 Len=66
102251,3586.57,0.02,::201:1:1:1,::23a:3a:3a:3a,UDP,124,"6,66",5678,8765,�\234\223,5678  >  8765 Len=66
102254,3586.62,0.05,::201:1:1:1,::23a:3a:3a:3a,UDP,116,"6,66",5678,8765,�\234\223,5678  >  8765 Len=66
102257,3586.7,0.08,::201:1:1:1,::23a:3a:3a:3a,UDP,124,"6,66",5678,8765,�\234\223,5678  >  8765 Len=66
102259,3586.74,0.04,::201:1:1:1,::23a:3a:3a:3a,UDP,124,"6,66",5678,8765,�\234\223,5678  >  8765 Len=66
102261,3586.79,0.05,::201:1:1:1,::23a:3a:3a:3a,UDP,116,"6,66",5678,8765,�\234\223,5678  >  8765 Len=66
,,,,,,61156,,,,,
